Case,Sample_ID,Sample_Code,Site_ID,Batch,Sample_type,Site.name,Pond,Pond_L,Site_type,Time_point,Month,Date,Time,Temp.C,pH,ORP_mV,EC.uS.cm,DO,Ca,K,Mg,Na,Cl,NO3,SO4,6_Li,7_Li,7_Li_He,9_Be,11_B,27_Al,45_Sc,47_Ti_,51_V_He,52_Cr_He,55_Mn,56_Fe_He,59_Co,60_Ni,63_Cu,68_Zn,65_Ga,74_Ge,75_As_He,78_Se,85_Rb,88_Sr,89_Y,90_Zr,93_Nb,97_Mo,98_Mo,111_Cd,114_Cd,115_In,123_Sb,125_Te,133_Cs,135_Ba,139_La,140_Ce,141_Pr,146_Nd,147_Sm,153_Eu,157_Gd,159_Tb,163_Dy,165_Ho,166_Er,169_Tm,172_Yb,175_Lu,181_Ta,182_W,200_Hg,201_Hg,202_Hg,205_Tl,206_Pb,207_Pb,209_Bi,232_Th,238_U
1,SGG1,1,1,1,Sample,Ynysarwed,6,six,FeOB-rich,1,April,42472,0.440972222,13.2,6.12,,1558,35.3,3.58051799,0.457820417,2.149763423,2.93608853,0.345530806,0.034997212,8.280972189,0.016714734,0.013177041,0.012416797,4.36E-05,0.004194776,0.003020055,2.53E-05,1.00E-05,0,0,0.029238485,1.401179166,0.000177447,0.000604437,0,0.000275458,3.27E-06,0,0.000546659,7.27E-06,9.90E-05,0.012670849,1.80E-05,0,3.68E-06,1.06E-05,1.06E-05,1.41E-07,0,0,1.03E-07,6.89E-07,1.20E-06,7.76E-05,7.36E-07,2.01E-06,3.11E-07,1.59E-06,3.90E-07,1.48E-07,9.04E-07,1.73E-07,9.96E-07,2.40E-07,6.60E-07,8.99E-08,4.19E-07,8.12E-08,9.68E-08,3.78E-07,1.11E-06,1.05E-06,1.05E-06,6.09E-08,0,0,0,8.22E-07,4.66E-07
2,SGG2,2,1,1,Sample,Ynysarwed,6,six,FeOB-rich,2,April,42472,0.454861111,13,6.19,,1568,35.6,3.106442437,0.465493385,2.131248714,2.82734451,0.34383841,0.032900604,8.442323627,0.015810922,0.012603752,0.012999196,4.82E-05,0.00396704,0.004314104,2.35E-05,6.55E-06,0,0,0.029498823,1.400485219,0.000177345,0.000606052,0,0.000239418,3.13E-06,0,0.000563764,8.01E-06,9.91E-05,0.013137133,2.36E-05,0,1.98E-06,1.05E-05,1.06E-05,5.21E-08,0,0,1.09E-07,4.01E-07,1.12E-06,7.83E-05,9.21E-07,2.91E-06,4.91E-07,2.41E-06,6.70E-07,2.44E-07,1.49E-06,2.74E-07,1.63E-06,3.53E-07,1.00E-06,1.35E-07,7.02E-07,1.14E-07,0,0,6.08E-07,5.22E-07,5.41E-07,0,0,0,0,0,4.80E-07
3,SGG3,3,1,1,Sample,Ynysarwed,6,six,FeOB-rich,3,April,42472,0.46875,13,6.14,,1573,35,3.056539747,0.452705105,2.114791195,2.762098098,0.344402542,0.034190824,8.541216444,0.01553484,0.012437922,0.012079829,4.60E-05,0.004017986,0.004750345,2.27E-05,8.84E-06,0,0,0.028818167,1.39253064,0.000174003,0.000597413,0,0.000234597,3.15E-06,0,0.000564985,7.28E-06,0.000100312,0.013136074,2.31E-05,0,1.29E-06,1.08E-05,1.18E-05,1.79E-08,0,0,1.58E-07,5.31E-07,1.12E-06,7.95E-05,9.15E-07,2.96E-06,4.74E-07,2.42E-06,5.99E-07,2.20E-07,1.55E-06,2.53E-07,1.56E-06,3.43E-07,1.01E-06,1.19E-07,6.46E-07,1.04E-07,0,0,4.02E-07,3.75E-07,3.91E-07,0,0,0,0,0,4.80E-07
4,SGG4,4,2,1,Sample,Glyncastle,8,eight,FeOB-rich,1,April,42472,0.496527778,12.4,5.81,,1270,15,2.619891212,0.378533082,1.826784612,2.018289004,0.276988777,0.032578049,6.631023614,0.0121151,0.009741406,0.00989072,9.63E-06,0.004097602,0,1.13E-05,0,0,0,0.029709261,0.282508791,0.000467867,0.000791964,0,0.000432443,4.94E-06,0,2.24E-05,4.85E-06,9.77E-05,0.016043276,3.67E-06,0,8.13E-07,4.60E-07,0,1.63E-07,0,0,4.98E-07,6.06E-07,7.41E-07,0.000122006,3.06E-07,4.45E-07,4.82E-08,2.70E-07,5.50E-09,4.44E-08,1.07E-07,1.73E-08,1.23E-07,2.98E-08,6.97E-08,7.14E-09,5.38E-08,7.81E-09,0,0,2.51E-07,2.46E-07,2.42E-07,1.64E-07,0,0,0,0,2.92E-07
5,SGG5,5,2,1,Sample,Glyncastle,8,eight,FeOB-rich,2,April,42472,0.509027778,12.4,5.78,,1276,14.2,2.619891212,0.383648394,1.894671878,2.040037808,0.278399106,0.02741717,6.604999188,0.012060107,0.009631439,0.009846169,9.76E-06,0.004165522,8.82E-05,1.16E-05,6.14E-07,0,0,0.030719666,0.279755563,0.000471785,0.000814287,0,0.000266202,5.13E-06,0,2.22E-05,5.97E-06,9.96E-05,0.016562184,3.59E-06,0,6.57E-07,3.76E-07,1.07E-06,1.67E-07,4.03E-08,0,4.96E-08,5.53E-07,7.88E-07,0.000125618,3.26E-07,4.78E-07,4.30E-08,1.88E-07,2.28E-08,4.58E-08,1.07E-07,1.69E-08,1.17E-07,2.81E-08,7.08E-08,7.59E-09,5.70E-08,1.20E-08,0,0,2.44E-07,2.27E-07,2.31E-07,1.52E-07,0,0,0,0,3.11E-07
6,SGG6,6,2,1,Sample,Glyncastle,8,eight,FeOB-rich,3,April,42472,0.521527778,12.4,5.81,,1274,14.3,2.50761016,0.393879018,1.86381403,2.061786612,0.262885478,0.027578448,6.693482235,0.011361485,0.009546332,0.009678805,9.37E-06,0.003987612,0.000117968,1.04E-05,5.95E-07,0,0,0.029226526,0.279736648,0.000464359,0.000783094,0,0.000255512,4.77E-06,0,2.15E-05,5.93E-06,9.74E-05,0.016284949,3.57E-06,0,5.80E-07,3.66E-07,0,2.34E-07,3.94E-08,0,5.37E-08,5.34E-07,7.26E-07,0.000121124,3.39E-07,4.25E-07,5.17E-08,1.80E-07,1.55E-08,3.83E-08,1.03E-07,1.78E-08,1.37E-07,2.68E-08,7.09E-08,9.04E-09,5.17E-08,8.05E-09,0,0,2.38E-07,1.97E-07,2.12E-07,1.45E-07,0,0,0,0,2.84E-07
7,SGG7,7,3,1,Sample,Morlais,3,three,FeOB-rich,1,April,42472,0.586805556,13.8,6.32,,827.4,28,1.696691452,0.631741022,1.141740383,3.819089969,0.403072262,0.022417569,3.054226575,0.008069015,0.006613888,0.006799295,1.75E-06,0.002209548,0,7.68E-06,0,0,0,0.010349118,0.252901818,1.77E-05,2.57E-05,0,0,1.06E-05,0,1.12E-05,1.04E-05,0.000114758,0.006918907,6.45E-07,0,2.56E-07,1.19E-06,5.86E-07,0,0,0,2.92E-08,3.77E-07,1.11E-06,0.000245734,1.12E-07,1.93E-07,2.63E-08,8.73E-08,0,6.50E-08,3.29E-08,4.23E-09,3.09E-08,6.86E-09,1.79E-08,3.31E-09,2.12E-08,3.18E-09,0,0,1.76E-07,1.65E-07,1.57E-07,0,0,0,0,0,1.23E-06
8,SGG8,8,3,1,Sample,Morlais,3,three,FeOB-rich,2,April,42472,0.597222222,13.8,6.67,,828,12,1.671740107,0.688009453,1.139683193,3.849538295,0.415201099,0.022901401,3.601780487,0.00792766,0.006570791,0.006266231,1.68E-06,0.002215384,0,7.97E-06,0,0,0,0.01038297,0.253719262,1.78E-05,2.49E-05,0,0,1.07E-05,0,1.21E-05,9.96E-06,0.000113535,0.006854494,6.25E-07,0,1.95E-07,1.25E-06,1.29E-06,0,0,0,2.78E-08,1.19E-07,1.14E-06,0.000244463,1.05E-07,2.14E-07,2.12E-08,8.71E-08,0,6.67E-08,4.41E-08,6.62E-09,2.88E-08,7.44E-09,1.63E-08,8.83E-10,1.43E-08,3.48E-09,0,0,1.91E-07,1.82E-07,1.60E-07,0,0,0,0,0,1.21E-06
9,SGG9,9,3,1,Sample,Morlais,3,three,FeOB-rich,3,April,42472,0.607638889,14,6.96,,829.3,16.7,1.684215779,0.634298678,1.141740383,3.758193318,0.422252748,0.022256291,3.119808127,0.008086663,0.006685518,0.006176165,1.68E-06,0.002239705,0,8.29E-06,0,0,0,0.010519207,0.255256494,1.81E-05,2.78E-05,0,0,1.12E-05,0,1.23E-05,1.16E-05,0.000115418,0.006977956,6.70E-07,0,7.77E-08,1.20E-06,1.73E-06,0,0,0,1.65E-08,2.72E-07,1.56E-06,0.000251765,1.38E-07,2.55E-07,2.81E-08,1.29E-07,3.18E-09,6.26E-08,5.32E-08,7.08E-09,3.06E-08,7.27E-09,1.85E-08,2.84E-09,1.98E-08,2.92E-09,0,0,1.57E-07,1.61E-07,1.26E-07,0,0,0,5.26E-09,0,1.20E-06
10,SGG10,10,4,1,Sample,Lindsay,2,two,FeOB-rich,1,April,42472,0.642361111,15.1,6.75,,1200,0.8,1.372323968,1.388807186,1.501748611,4.184469875,0.457793059,0.022578846,1.871676681,0.005616582,0.00471199,0.004387579,4.16E-06,0.002326385,0,1.19E-05,7.35E-07,0,0,0.010729906,0.308231275,6.23E-06,1.14E-05,0,0,1.74E-05,6.89E-08,5.12E-05,1.16E-05,0.000288459,0.004210824,8.47E-07,0,0,6.14E-06,4.78E-06,0,0,0,2.39E-08,1.79E-07,3.97E-06,0.000363043,8.40E-08,1.54E-07,1.89E-08,8.74E-08,4.22E-09,9.01E-08,6.33E-08,8.51E-09,4.16E-08,1.14E-08,4.13E-08,4.60E-09,2.81E-08,4.86E-09,0,0,5.89E-08,3.98E-08,4.08E-08,0,0,0,0,0,1.11E-06
11,SGG11,11,4,1,Sample,Lindsay,2,two,FeOB-rich,2,April,42472,0.652777778,15,6.89,,1205,0,1.372323968,1.283943292,1.52232051,4.084425377,0.449895212,0.024030343,1.847734209,0.005148783,0.004194569,0.003925994,3.77E-06,0.002156449,0,1.13E-05,3.17E-06,0,0,0.010057805,0.283466322,6.82E-06,1.18E-05,0,0,1.59E-05,0,4.73E-05,1.19E-05,0.000269596,0.003915125,8.64E-07,0,0,5.91E-06,5.54E-06,0,0,0,6.41E-08,1.60E-07,3.71E-06,0.000331804,9.05E-08,1.56E-07,2.48E-08,9.96E-08,0,9.49E-08,5.03E-08,8.83E-09,5.95E-08,9.31E-09,4.43E-08,2.86E-09,3.58E-08,5.30E-09,0,0,6.11E-08,5.92E-08,5.88E-08,0,0,0,0,0,1.01E-06
12,SGG12,12,4,1,Sample,Lindsay,2,two,FeOB-rich,3,April,42472,0.666666667,15,6.9,,949.3,0,1.384799641,1.368345938,1.534663649,4.619445954,0.450177278,0.022256291,1.855021049,0.005774665,0.004828723,0.004041926,4.50E-06,0.002419567,0,1.29E-05,1.47E-06,0,0,0.011243239,0.307823602,6.70E-06,1.30E-05,0,0,1.87E-05,1.74E-07,5.36E-05,1.49E-05,0.000295108,0.004362164,9.35E-07,0,0,6.40E-06,6.50E-06,0,0,0,1.16E-08,2.10E-07,4.18E-06,0.000369366,9.24E-08,1.63E-07,2.32E-08,9.83E-08,2.12E-09,9.67E-08,6.87E-08,1.04E-08,4.46E-08,1.29E-08,3.45E-08,4.75E-09,2.87E-08,5.80E-09,0,0,2.08E-08,2.37E-08,9.67E-09,0,0,0,0,0,1.11E-06
13,SGG13,13,5,1,Sample,Mountain Gate,2,two,FeOB-rich,1,April,42472,0.690972222,12,6.25,,695.4,66.2,2.258096711,0.621510398,1.627237194,1.296228714,0.39489235,0.023223956,1.408441907,0.003518712,0.002816802,0.002665825,4.24E-06,0.002372753,0,7.34E-06,0,0,0,0.024321123,0.050979536,0.00075595,0.00132655,0,0.000265826,1.50E-05,0,0.000126142,1.08E-05,0.000177403,0.007717226,8.66E-07,0,0,1.99E-06,1.60E-06,0,0,0,3.05E-08,3.21E-07,3.09E-06,0.000301761,1.20E-07,2.24E-07,4.06E-08,1.89E-07,0,8.71E-08,5.44E-08,5.31E-09,3.92E-08,7.73E-09,2.48E-08,4.60E-09,2.64E-08,4.44E-09,0,0,2.56E-08,2.45E-08,1.01E-08,0,0,0,0,0,2.55E-06
14,SGG14,14,5,1,Sample,Mountain Gate,2,two,FeOB-rich,2,April,42472,0.720138889,11.9,6.32,,696.7,29.6,1.858875193,0.624068054,1.629294384,1.213583259,0.384737975,0,1.392827252,0.003634427,0.00286706,0.003028371,4.37E-06,0.002459075,0,7.68E-06,0,0,0,0.024973835,0.05393307,0.000781071,0.0013284,0,0.000286568,1.53E-05,0,0.000130008,9.75E-06,0.000177677,0.007718187,9.46E-07,0,0,2.05E-06,1.79E-06,6.06E-09,0,0,6.91E-08,2.32E-07,3.09E-06,0.000308787,1.61E-07,3.49E-07,4.66E-08,2.44E-07,4.60E-08,8.13E-08,7.72E-08,7.02E-09,3.80E-08,1.03E-08,2.79E-08,2.64E-09,2.56E-08,4.72E-09,0,0,6.34E-08,5.56E-08,4.97E-08,0,0,0,0,0,2.61E-06
15,SGG15,15,5,1,Sample,Mountain Gate,2,two,FeOB-rich,3,April,42472,0.732638889,11.9,6.3,,697.1,27.5,1.858875193,0.60104915,1.629294384,1.174435412,0.385866239,0.023546511,1.404277999,0.00357824,0.002834319,0.003038203,4.99E-06,0.002409282,0,7.48E-06,0,0,0,0.024305163,0.053254195,0.000761218,0.001300491,0,0.000280876,1.52E-05,0,0.000129165,9.94E-06,0.000178496,0.007761932,9.54E-07,0,0,2.02E-06,1.38E-06,0,0,0,5.04E-08,3.09E-07,3.14E-06,0.000307926,1.49E-07,3.40E-07,3.72E-08,2.00E-07,2.93E-08,7.75E-08,7.68E-08,7.30E-09,3.73E-08,9.79E-09,2.08E-08,7.32E-10,3.20E-08,4.80E-09,0,0,2.48E-08,4.23E-08,3.68E-08,0,0,0,0,0,2.64E-06
16,SGG16,16,6,1,Sample,Dinas,10,ten,FeOB-rich,1,April,42473,0.472222222,13.5,6.62,,520.6,68.7,0.873297071,0.260880908,0.622917095,1.822549769,0.444535959,0.023385233,0.701098023,0.006103176,0.004988793,0.00520208,1.36E-06,0.005730857,0,8.69E-06,0,0,0,0.013108345,0.087079575,2.13E-05,3.90E-05,0,7.05E-06,1.66E-05,0,3.17E-05,1.01E-05,6.91E-05,0.004069658,3.91E-07,0,0,4.70E-07,0,0,0,0,0,6.09E-08,5.74E-07,0.000331577,1.12E-07,2.00E-07,2.48E-08,8.83E-08,4.29E-09,6.49E-08,4.37E-08,3.12E-09,2.25E-08,4.36E-09,1.08E-08,1.95E-09,1.59E-08,4.02E-09,0,0,4.34E-08,4.72E-08,3.17E-08,0,0,0,0,0,2.70E-07
17,SGG17,17,6,1,Sample,Dinas,10,ten,FeOB-rich,2,April,42473,0.482638889,13.1,6.9,,422.7,67.6,0.873297071,0.271111532,0.614688336,1.792101443,0.430432661,0,0.691416936,0.006025547,0.005241055,0.004783119,1.93E-06,0.005873654,0,8.47E-06,0,0,0,0.01283527,0.08731884,2.10E-05,3.87E-05,0,4.56E-06,1.62E-05,0,3.22E-05,1.10E-05,6.92E-05,0.004024468,4.10E-07,0,0,6.99E-07,2.14E-07,0,0,0,0,1.72E-07,5.93E-07,0.000339315,1.18E-07,2.00E-07,2.63E-08,1.15E-07,1.20E-08,7.29E-08,4.00E-08,3.02E-09,2.58E-08,4.55E-09,1.11E-08,0,2.69E-08,4.72E-09,0,0,6.83E-09,0,0,0,0,0,0,0,2.71E-07
18,SGG18,18,6,1,Sample,Dinas,10,ten,FeOB-rich,3,April,42473,0.496527778,13,6.91,,421.5,67.9,0.823394381,0.271111532,0.609339642,1.748603836,0.447638685,0.021933736,0.701930804,0.006174892,0.005084463,0.005477492,1.55E-06,0.005800173,0,8.41E-06,0,0,0,0.013096642,0.087006852,2.08E-05,3.87E-05,0,0,1.69E-05,0,3.15E-05,1.15E-05,7.04E-05,0.004132571,4.77E-07,0,0,5.22E-07,8.31E-07,0,0,0,0,7.82E-08,6.33E-07,0.000340931,1.21E-07,2.14E-07,3.07E-08,1.21E-07,5.95E-10,7.21E-08,5.61E-08,5.35E-09,3.10E-08,5.04E-09,1.69E-08,3.62E-09,2.05E-08,4.44E-09,0,0,0,1.71E-08,0,0,0,0,0,0,2.79E-07
19,SGG19,19,7,1,Sample,Taff Bargoed,11,eleven,FeOB-rich,1,April,42473,0.572916667,11.9,6.94,,498,74.9,1.721642797,0.263438564,0.91256943,0.613316271,0.28516869,0.022256291,1.152882049,0.004007827,0.00321764,0.00336627,4.07E-07,0.002360597,0,8.46E-06,0,0,0,0.008775824,0.101044344,1.60E-05,2.09E-05,0,0,1.52E-05,0,4.05E-05,1.08E-05,4.94E-05,0.006749033,2.99E-07,0,0,3.19E-06,3.04E-06,0,0,0,4.47E-08,1.75E-07,2.64E-07,0.000316161,9.16E-08,1.55E-07,1.66E-08,7.70E-08,0,6.72E-08,2.67E-08,2.98E-09,2.03E-08,2.21E-09,9.04E-09,7.01E-10,1.56E-08,5.07E-10,0,0,3.71E-09,3.74E-09,3.14E-09,0,0,0,0,0,7.91E-07
20,SGG20,20,7,1,Sample,Taff Bargoed,11,eleven,FeOB-rich,2,April,42473,0.586805556,12,7.33,,499.5,54.2,1.754079545,0.276226844,0.893643283,0.622015792,0.286579019,0,1.152882049,0.003970677,0.003311943,0.003423686,6.18E-07,0.002365307,0,8.40E-06,1.95E-05,0,0,0.008842344,0.101214745,1.58E-05,2.07E-05,8.66E-07,0,1.51E-05,0,4.03E-05,1.02E-05,4.88E-05,0.006700941,3.02E-07,0,0,3.17E-06,2.65E-06,0,0,0,6.33E-08,3.17E-07,2.69E-07,0.000314693,7.72E-08,1.25E-07,1.66E-08,4.84E-08,0,7.42E-08,1.31E-08,1.08E-09,1.69E-08,2.60E-09,4.55E-09,1.20E-09,7.67E-09,1.16E-09,0,0,4.39E-08,2.29E-08,1.02E-08,0,0,0,6.94E-08,0,8.14E-07
21,SGG21,21,7,2,Sample,Taff Bargoed,11,eleven,FeOB-rich,3,April,42473,0.597222222,12,7.39,,499.7,78.5,1.808972504,0.271111532,0.907632174,0.617666031,0.28516869,0.022256291,1.169017193,0.003978834,0.003348555,0.0035904,4.50E-07,0.002328946,0,7.97E-06,0,0,0,0.008742303,0.101112835,1.53E-05,1.99E-05,3.55E-05,0,1.44E-05,0,4.14E-05,8.98E-06,4.84E-05,0.006666521,2.86E-07,0,0,2.85E-05,2.79E-05,0,0,0,8.08E-08,1.41E-07,2.74E-07,0.000312001,6.34E-08,8.70E-08,1.03E-08,4.03E-08,0,6.21E-08,2.13E-08,3.25E-10,2.17E-08,1.32E-09,8.48E-09,1.58E-10,1.15E-08,9.71E-10,0,0,5.76E-09,2.26E-08,1.41E-09,0,0,0,0,0,7.95E-07
22,SGG22,22,8,2,Sample,Crumlin Navigation,12,twelve,SOB-rich,1,April,42473,0.652777778,19.3,7.09,,2013,29.2,3.717750387,1.161175806,1.806212713,12.201079,0.613775538,0.022578846,2.339075363,0.038526863,0.031495099,0.031801131,1.73E-06,0.018996452,0,1.58E-05,2.23E-06,1.45E-06,0,0.005777686,0.000445354,3.57E-06,1.35E-05,0,0,4.68E-05,0,2.06E-06,1.33E-05,0.000277735,0.018182,8.17E-07,0,0,0,0,0,0,0,1.33E-07,8.07E-07,1.64E-06,0.000990036,6.81E-08,9.14E-08,1.39E-08,9.30E-08,0,2.27E-07,5.48E-08,5.70E-09,4.06E-08,8.29E-09,3.12E-08,2.28E-09,2.33E-08,5.13E-09,0,0,1.32E-08,3.44E-08,0,0,0,0,0,0,1.36E-07
23,SGG23,23,8,2,Sample,Crumlin Navigation,12,twelve,SOB-rich,2,April,42473,0.670138889,19.3,7.34,,1848,45,3.730226059,1.163733462,1.806212713,12.09233498,0.569491181,0.023546511,2.382796397,0.040044094,0.032604056,0.031275691,1.40E-06,0.020353973,0,1.76E-05,4.60E-06,5.85E-08,0,0.005937612,2.04E-05,4.07E-06,1.51E-05,0,0,5.19E-05,0,9.44E-07,1.48E-05,0.000291242,0.018401392,7.02E-07,0,0,0,0,0,0,0,1.25E-07,3.56E-07,1.71E-06,0.001091102,6.32E-08,6.95E-08,1.37E-08,6.94E-08,1.32E-08,2.29E-07,4.72E-08,4.54E-09,3.39E-08,6.91E-09,2.01E-08,2.21E-09,1.83E-08,4.07E-09,0,0,0,0,0,0,0,0,0,0,1.59E-07
24,SGG24,24,8,2,Sample,Crumlin Navigation,12,twelve,SOB-rich,3,April,42473,0.681944444,19,7.15,,1839,59,3.792604421,1.227674861,1.828841802,12.11408379,0.57936349,0.022095014,2.361976857,0.040163789,0.033116,0.033109895,1.39E-06,0.020707302,0.000134092,1.71E-05,7.91E-06,3.40E-06,0,0.005925472,0.000290782,4.13E-06,1.62E-05,0,0.000193385,3.98E-05,0,7.19E-07,1.65E-05,0.000286454,0.018718344,1.37E-06,1.06E-06,0,0,0,0,0,0,0,4.58E-07,1.65E-06,0.00083308,1.48E-07,3.03E-07,4.63E-08,2.93E-07,4.08E-08,1.88E-07,1.09E-07,1.19E-08,8.13E-08,1.85E-08,5.24E-08,6.70E-09,5.35E-08,7.31E-09,0,0,0,0,0,0,0,0,0,0,2.54E-07
25,SGG25,25,9,2,Sample,Celynen North,12,twelve,SOB-rich,1,April,42473,0.708333333,13.1,6.84,,925.1,11.8,3.131393782,0.340168243,1.283686484,4.401957914,0.487409986,0.022901401,2.333870477,0.012328022,0.010305598,0.009643098,2.17E-06,0.008259371,0,1.36E-05,4.35E-06,0,0,0.017042446,0.071615815,6.67E-06,1.71E-05,0,0.000408841,5.31E-05,0,5.81E-06,1.68E-05,9.67E-05,0.00965939,1.49E-06,0,0,2.21E-07,0,0,0,0,5.27E-08,3.94E-07,7.54E-07,0.001130058,1.78E-07,4.13E-07,7.14E-08,4.44E-07,5.09E-08,2.62E-07,1.08E-07,1.61E-08,8.66E-08,1.92E-08,3.60E-08,4.78E-09,4.70E-08,7.29E-09,0,0,0,0,0,0,0,0,0,0,1.39E-06
26,SGG26,26,9,2,Sample,Celynen North,12,twelve,SOB-rich,2,April,42473,0.724305556,13,6.65,,922.5,8.7,2.732172264,0.322264651,1.269286155,4.019178965,0.487974118,0.022417569,2.335952432,0.012652568,0.010487149,0.010760089,2.07E-06,0.00835599,5.82E-05,1.35E-05,9.20E-06,0,0,0.017334027,0.071780265,7.17E-06,1.65E-05,3.78E-05,1.54E-05,5.48E-05,0,5.77E-06,2.02E-05,9.75E-05,0.009576835,1.49E-06,0,0,0,0,0,0,0,0,3.27E-07,7.36E-07,0.001146401,2.24E-07,5.04E-07,6.91E-08,2.99E-07,5.59E-08,2.64E-07,1.29E-07,1.74E-08,9.63E-08,2.08E-08,4.23E-08,5.73E-09,4.53E-08,6.54E-09,0,7.29E-07,2.33E-09,0,5.21E-09,0,0,0,0,0,1.37E-06
27,SGG27,27,9,2,Sample,Celynen North,12,twelve,SOB-rich,3,April,42473,0.736111111,13,6.67,,922.4,9.2,2.769599281,0.329937619,1.277514915,4.132272746,0.487692052,0,2.351567087,0.012540908,0.010392502,0.010265992,1.72E-06,0.008721128,0.000111669,1.34E-05,6.82E-06,0,0,0.017102257,0.071623303,6.99E-06,1.57E-05,0,1.95E-06,5.47E-05,0,5.96E-06,1.77E-05,9.71E-05,0.009581983,1.54E-06,0,0,1.59E-07,2.51E-08,0,0,0,0,4.90E-07,7.49E-07,0.001151444,2.04E-07,4.45E-07,6.68E-08,3.65E-07,9.02E-08,2.80E-07,1.31E-07,1.96E-08,1.01E-07,2.15E-08,5.39E-08,4.93E-09,4.92E-08,6.07E-09,0,0,1.56E-08,9.78E-09,3.47E-10,0,0,0,0,0,1.39E-06
28,SGG28,28,10,2,Sample,Six Bells,12,twelve,SOB-rich,1,April,42473,0.770833333,18.4,7.06,,2804,73.7,4.528669095,1.882434786,2.773091956,15.05017232,0.725755725,0,10.48263859,0.042176657,0.03532643,0.033704877,4.35E-07,0.022495962,0.000775347,1.72E-05,1.99E-05,0,5.38E-07,0.008897489,0.000783833,7.19E-06,3.16E-05,3.05E-05,0.00231717,9.71E-06,0,6.90E-06,2.25E-05,0.000409967,0.021041791,3.44E-07,0,4.50E-06,6.54E-06,4.59E-06,0,0,0,5.32E-06,3.51E-07,2.56E-06,0.000214995,8.76E-07,1.54E-06,1.58E-07,8.97E-07,4.04E-08,5.75E-08,5.22E-08,7.64E-09,1.96E-08,4.21E-09,1.18E-08,1.16E-11,1.46E-08,1.88E-09,0,0,2.49E-08,1.12E-08,0,0,0,0,5.36E-08,0,3.36E-06
29,SGG29,29,10,2,Sample,Six Bells,12,twelve,SOB-rich,2,April,42473,0.784722222,18.6,7,,2414,68.2,4.665901492,1.902896034,2.828636083,15.11541873,0.719268208,0.022417569,10.30567249,0.041558118,0.034203368,0.032927574,2.16E-06,0.022114704,0,1.94E-05,8.03E-06,0,0,0.009227728,0.220593913,7.33E-06,2.82E-05,3.71E-05,0,1.29E-05,0,4.19E-05,4.43E-05,0.000421001,0.021713424,2.40E-06,0,0,6.36E-06,4.59E-06,0,0,0,1.25E-07,4.63E-07,2.45E-06,0.000269567,2.07E-07,4.22E-07,6.06E-08,2.85E-07,3.77E-08,8.05E-08,9.66E-08,1.86E-08,1.29E-07,2.78E-08,9.64E-08,1.25E-08,6.56E-08,1.04E-08,0,0,0,0,0,0,0,0,0,0,3.39E-06
30,SGG30,30,10,2,Sample,Six Bells,12,twelve,SOB-rich,3,April,42473,0.798611111,18.2,6.98,,2395,73,4.591047457,1.89266541,2.814235754,15.20241394,0.726883989,0,10.47222882,0.041705796,0.035209682,0.033189402,6.65E-07,0.02203239,0.000537583,1.69E-05,8.62E-06,0,0,0.009056342,0.001303889,7.45E-06,3.06E-05,1.37E-05,0.000635283,1.01E-05,0,7.83E-06,2.85E-05,0.000406298,0.021460316,3.09E-07,0,1.10E-06,6.76E-06,5.44E-06,0,0,0,7.57E-07,5.21E-07,2.45E-06,0.000216701,1.26E-07,2.13E-07,2.61E-08,2.94E-07,1.25E-08,4.71E-08,2.92E-08,1.12E-09,2.42E-08,3.48E-09,8.54E-09,7.87E-10,1.32E-08,1.50E-09,0,0,3.64E-09,0,0,0,0,0,0,0,3.21E-06
31,SGG31,31,11,2,Sample,Taff's Well,0,zero,FeOB-rich,1,April,42474,0.552083333,20.9,7.06,,505.9,26.1,0.898248416,0.083123819,0.616745526,1.478918667,0.909098602,0.022417569,0.236093588,0.008865926,0.007487941,0.007506423,2.14E-07,0.003028409,0,1.71E-05,5.26E-06,0,0,0.003924381,0.028557932,1.08E-05,1.34E-05,0,4.07E-05,9.76E-05,0,7.49E-06,2.14E-05,2.59E-05,0.003476498,2.43E-07,0,0,2.55E-06,3.17E-06,0,0,0,0,2.82E-07,8.12E-07,0.001983041,1.41E-07,2.08E-07,2.14E-08,6.47E-08,4.07E-08,3.87E-07,3.20E-08,7.79E-10,1.02E-08,9.16E-10,6.89E-09,0,1.15E-08,1.22E-09,0,0,6.40E-08,5.89E-08,5.01E-08,5.14E-08,0,0,0,0,1.88E-06
32,SGG32,32,11,2,Sample,Taff's Well,0,zero,FeOB-rich,2,April,42474,0.565972222,21,7.18,,506.4,18.7,0.985578123,0.08133346,0.608105328,1.457169863,0.906842074,0.021933736,0.23598949,0.008714408,0.007264594,0.006821983,1.37E-07,0.00297207,0,1.66E-05,3.54E-06,0,0,0.003908154,0.029768092,1.04E-05,1.17E-05,0,3.10E-05,9.47E-05,0,6.85E-06,1.91E-05,2.52E-05,0.003423586,2.58E-07,0,0,2.80E-06,2.54E-06,0,0,0,0,1.87E-07,8.06E-07,0.002004495,1.17E-07,1.35E-07,1.60E-08,7.90E-08,2.28E-08,3.96E-07,3.98E-08,1.66E-09,9.01E-09,1.65E-09,3.27E-09,3.83E-10,9.76E-09,2.09E-09,0,0,3.69E-08,4.30E-08,3.55E-09,4.59E-08,0,0,0,0,1.86E-06
33,SGG33,33,11,2,Sample,Taff's Well,0,zero,FeOB-rich,3,April,42474,0.579861111,21.1,7.19,,506.3,21.4,0.823394381,0.081589225,0.608516766,1.461519624,0.902329019,0.021933736,0.234115732,0.0088248,0.007152131,0.007327543,5.18E-07,0.002918375,0.004602526,1.68E-05,0.000210912,0,1.69E-07,0.003879871,0.033625895,1.25E-05,1.34E-05,1.19E-05,4.98E-05,9.70E-05,0,1.16E-05,1.91E-05,2.73E-05,0.003421753,6.26E-06,0,0,3.08E-06,1.80E-06,0,0,0,0,1.40E-07,8.59E-07,0.001999462,0.000150778,0.000252149,2.48E-05,7.58E-05,9.00E-06,1.13E-06,7.28E-06,4.51E-07,9.81E-07,1.11E-07,3.30E-07,1.56E-08,7.73E-08,1.07E-08,0,1.07E-05,2.27E-07,2.58E-08,1.82E-07,5.83E-08,4.20E-06,4.67E-06,0,3.85E-06,2.28E-06
34,SGG34,34,12,2,Sample,Cefn Hengoed,11,eleven,FeOB-rich,1,April,42474,0.638888889,11.4,6.67,,759,8.9,1.858875193,0.250650284,1.108413907,0.765557898,0.379378722,0.023707788,1.792562427,0.005067444,0.004214387,0.004308706,1.61E-06,0.00350948,2.16E-05,1.08E-05,7.95E-07,0,0,0.008709068,0.047359221,5.30E-05,9.70E-05,0,1.55E-06,8.44E-06,0,2.11E-05,1.67E-05,5.30E-05,0.007653253,4.53E-07,0,0,0,0,0,0,0,0,1.83E-07,3.22E-07,0.000190602,1.45E-07,2.18E-07,2.33E-08,1.33E-07,1.33E-09,4.20E-08,3.43E-08,3.14E-09,1.94E-08,2.35E-09,1.47E-08,2.22E-09,7.88E-09,2.17E-09,0,0,3.84E-08,3.69E-08,1.94E-08,3.30E-08,0,0,0,0,2.87E-07
35,SGG35,35,12,2,Sample,Cefn Hengoed,11,eleven,FeOB-rich,2,April,42474,0.652777778,11.4,6.66,,740.2,0.9,1.871350866,0.250650284,1.105945279,0.752508616,0.373737402,0.024514176,1.812340991,0.005286625,0.004406679,0.004867756,1.42E-06,0.003544761,0,1.12E-05,1.63E-06,0,0,0.008968504,0.045676619,5.48E-05,0.000100692,0,1.40E-06,8.33E-06,0,2.34E-05,1.77E-05,5.44E-05,0.007875995,4.43E-07,1.05E-06,0,0,0,0,0,0,1.09E-08,3.16E-07,3.05E-07,0.000191086,1.27E-07,2.55E-07,2.50E-08,1.21E-07,0,4.36E-08,2.82E-08,2.82E-09,2.07E-08,2.82E-09,8.96E-09,1.98E-09,1.95E-08,1.61E-09,0,0,2.25E-08,2.89E-08,1.09E-08,4.08E-08,0,0,0,0,2.94E-07
36,SGG36,36,12,2,Sample,Cefn Hengoed,11,eleven,FeOB-rich,3,April,42474,0.666666667,11.4,6.65,,739.2,1.5,1.9462049,0.273669188,1.101419461,0.756858377,0.370070545,0.022578846,1.80921806,0.005230723,0.004372167,0.004294364,1.63E-06,0.003488096,0.002686785,1.11E-05,0.000120993,0,0,0.008739156,0.048085003,5.47E-05,0.000100505,1.34E-05,1.55E-05,8.88E-06,0,2.41E-05,1.86E-05,5.61E-05,0.007944877,1.92E-06,0,0,0,0,0,0,0,0,1.75E-07,3.76E-07,0.000197107,3.53E-05,6.08E-05,5.86E-06,1.80E-05,2.24E-06,2.24E-07,1.78E-06,1.16E-07,2.38E-07,2.98E-08,8.81E-08,6.05E-09,3.15E-08,2.82E-09,0,7.08E-08,2.10E-08,5.78E-09,0,4.35E-08,0,0,0,9.89E-07,3.93E-07
37,SGG37,37,13,2,Sample,Blaenavon,12,twelve_MCM,FeOB-rich,1,April,42474,0.729166667,10,6.73,,442,87.8,1.347372623,0.342725899,1.044229582,0.37712426,0.397430943,0.028868668,1.84409079,0.008124689,0.006682287,0.007070579,2.16E-06,0.00382288,0,7.11E-06,2.36E-05,4.70E-06,0,0.035485999,0.11320146,0.000337627,0.000559173,1.60E-05,9.54E-05,7.62E-06,0,6.38E-06,2.47E-05,0.000118307,0.003727419,1.25E-06,0,0,3.97E-06,1.89E-06,0,0,0,4.78E-07,1.90E-07,7.39E-07,0.000174543,1.33E-07,1.80E-07,2.96E-08,9.65E-08,8.26E-09,4.37E-08,5.27E-08,1.03E-08,6.86E-08,2.12E-08,6.87E-08,1.16E-08,6.29E-08,1.25E-08,0,2.21E-07,0,0,0,0,0,0,0,0,2.87E-07
38,SGG38,38,13,2,Sample,Blaenavon,12,twelve_MCM,FeOB-rich,2,April,42474,0.743055556,9.9,6.67,,442.5,87.8,1.347372623,0.36062949,1.031063567,0.378429188,0.397148877,0.032900604,1.842008836,0.008155309,0.0069562,0.006987509,2.07E-06,0.003767687,0,7.19E-06,1.04E-05,4.69E-06,0,0.036161832,0.115773179,0.000340681,0.000567225,1.78E-05,8.26E-05,7.70E-06,0,6.44E-06,2.44E-05,0.000120835,0.003767711,1.28E-06,0,0,3.70E-06,2.00E-06,0,0,0,4.51E-07,2.15E-07,7.71E-07,0.000174359,8.69E-08,1.39E-07,2.18E-08,8.23E-08,1.24E-08,5.06E-08,7.44E-08,9.57E-09,9.11E-08,2.09E-08,8.67E-08,8.69E-09,7.53E-08,1.34E-08,0,0,0,0,0,0,0,0,0,0,2.89E-07
39,SGG39,39,13,2,Sample,Blaenavon,12,twelve_MCM,FeOB-rich,3,April,42474,0.756944444,9.9,6.64,,442.8,87.8,1.322421279,0.332495275,1.047521086,0.376689284,0.397713009,0.033061882,1.845652255,0.008180137,0.006716405,0.00731062,2.01E-06,0.003946172,0.000471296,7.12E-06,0,5.10E-06,0,0.03615673,0.113764854,0.000342562,0.000567083,1.50E-05,7.89E-05,7.63E-06,0,7.17E-06,2.47E-05,0.000119473,0.00373315,1.31E-06,0,0,4.10E-06,2.48E-06,7.35E-09,0,0,4.34E-07,1.08E-07,7.70E-07,0.000174241,1.37E-07,2.64E-07,3.12E-08,1.08E-07,4.00E-09,4.46E-08,7.63E-08,1.04E-08,7.11E-08,2.36E-08,7.35E-08,1.16E-08,8.97E-08,1.29E-08,0,0,1.25E-08,0,0,0,0,0,9.52E-09,0,2.97E-07
40,SGG40,40,1,2,Sample,Ynysarwed,6,six,FeOB-rich,1,August,42583,0.452777778,13,6.18,,1602,31.4,3.405858576,0.496185256,2.21147912,2.783846902,0.335376431,0.020966071,8.525601789,0.013949029,0.011675289,0.012211038,3.86E-05,0.003794556,0.005494309,1.82E-05,1.62E-05,0,0,0.030141662,1.454526257,0.000150049,0.000529274,0,0.000202787,3.02E-06,0,0.000627408,2.65E-05,0.000103344,0.013843774,2.29E-05,0,0,1.09E-05,1.02E-05,5.89E-09,0,0,1.47E-07,3.01E-07,1.07E-06,8.02E-05,9.07E-07,2.59E-06,4.42E-07,2.16E-06,6.45E-07,2.30E-07,1.37E-06,2.48E-07,1.51E-06,3.31E-07,9.45E-07,1.33E-07,6.87E-07,1.08E-07,0,0,0,0,0,0,2.16E-08,1.63E-07,1.38E-07,0,4.54E-07
41,SGG41,41,1,3,Sample,Ynysarwed,6,six,FeOB-rich,2,August,42583,0.466666667,13,6.31,,1601,31.3,3.393382903,0.503858224,2.20119317,2.970886616,0.336786761,0.023546511,8.556831099,0.013220274,0.01099259,0.011778329,3.46E-05,0.003600429,0.003120584,1.64E-05,3.88E-06,0,0,0.029358172,1.431995414,0.000147762,0.000518674,0,0.000200219,2.82E-06,0,0.000633754,2.40E-05,0.000101306,0.013426117,2.14E-05,0,0,1.11E-05,9.18E-06,0,0,0,1.13E-07,3.73E-07,1.06E-06,7.75E-05,6.85E-07,2.16E-06,3.61E-07,1.88E-06,5.55E-07,1.87E-07,1.30E-06,2.27E-07,1.42E-06,3.04E-07,8.73E-07,1.10E-07,6.30E-07,9.27E-08,0,0,3.06E-09,1.19E-09,0,0,0,0,1.33E-08,0,4.21E-07
42,SGG42,42,1,3,Sample,Ynysarwed,6,six,FeOB-rich,3,August,42583,0.480555556,13,6.33,,1604,31.1,3.331004541,0.483396976,2.160049373,2.853443075,0.335376431,0.019837129,8.744206963,0.013581451,0.011031796,0.011760066,3.60E-05,0.003659435,0.003470323,1.61E-05,1.79E-05,0,0,0.030285708,1.447091108,0.000151866,0.00053395,4.46E-06,0.000240096,3.04E-06,0,0.000628344,3.03E-05,0.000104499,0.014074542,2.34E-05,0,0,1.11E-05,1.12E-05,0,0,0,9.45E-08,3.08E-07,1.14E-06,8.19E-05,2.79E-05,4.78E-05,4.73E-06,1.57E-05,2.12E-06,3.52E-07,2.59E-06,3.15E-07,1.60E-06,3.40E-07,1.00E-06,1.16E-07,6.33E-07,1.01E-07,0,0,0,1.96E-08,9.93E-09,0,0,0,0,1.34E-07,5.06E-07
43,SGG43,43,2,3,Sample,Glyncastle,8,eight,FeOB-rich,1,August,42583,0.520833333,12.6,5.87,,1344,3.5,2.956734368,0.401551986,1.999588562,2.209678479,0.257526225,0.01725669,6.839219017,0.011480395,0.009517608,0.01053577,8.14E-06,0.003984977,0.000451076,8.08E-06,4.74E-07,0,0,0.030742353,0.355512309,0.000453106,0.000742252,0,0.000435421,4.95E-06,0,3.92E-05,3.03E-05,0.00010625,0.018133006,3.00E-06,0,0,9.42E-07,3.85E-07,7.97E-08,0,0,7.93E-08,5.64E-07,8.03E-07,0.000127358,2.88E-07,4.36E-07,4.58E-08,1.73E-07,7.55E-10,4.22E-08,8.30E-08,1.74E-08,9.79E-08,2.17E-08,5.28E-08,6.35E-09,5.46E-08,6.76E-09,0,0,0,2.65E-08,2.44E-09,1.13E-07,0,0,0,0,3.55E-07
44,SGG44,44,2,3,Sample,Glyncastle,8,eight,FeOB-rich,2,August,42583,0.534722222,12.6,5.87,,1344,3,2.919307351,0.391321362,1.981073853,2.192279436,0.257244159,0.017417967,6.958931375,0.011230097,0.009315449,0.010286851,7.90E-06,0.003848404,0,7.36E-06,0,0,0,0.029851586,0.359032983,0.000436705,0.000713825,4.02E-05,0.000324245,4.60E-06,0,4.12E-05,3.19E-05,0.000102919,0.017515206,2.99E-06,0,0,7.72E-07,0,8.88E-08,0,0,2.74E-08,5.05E-07,8.11E-07,0.000123717,2.70E-07,3.38E-07,4.51E-08,1.63E-07,1.46E-08,3.21E-08,1.05E-07,1.11E-08,9.45E-08,2.08E-08,5.89E-08,8.21E-09,4.21E-08,6.36E-09,0,0,0,0,0,1.12E-07,0,0,0,0,3.37E-07
45,SGG45,45,2,3,Sample,Glyncastle,8,eight,FeOB-rich,3,August,42583,0.541666667,12.6,5.85,,994.2,2.3,3.006637058,0.39899433,1.999588562,2.274924891,0.258372423,0.017095412,6.95372649,0.01146777,0.009589599,0.010038789,8.28E-06,0.003909047,0.000118033,7.53E-06,0,0,0,0.030408831,0.358011438,0.000444998,0.000726291,8.19E-06,0.000324674,4.65E-06,0,4.00E-05,3.24E-05,0.000106085,0.017867142,2.97E-06,0,0,7.42E-07,0,8.63E-08,0,0,5.71E-08,2.98E-07,7.70E-07,0.00012736,2.84E-07,4.02E-07,4.63E-08,1.64E-07,2.36E-08,2.91E-08,7.77E-08,1.25E-08,9.43E-08,1.85E-08,6.83E-08,8.65E-09,4.22E-08,5.50E-09,0,0,0,0,0,1.23E-07,0,0,0,0,3.42E-07
46,SGG46,46,3,3,Sample,Morlais,3,three,FeOB-rich,1,August,42583,0.635416667,13.9,6.31,,1133,0.8,1.921253556,0.688009453,1.174655421,3.71469571,0.463434379,0.013869863,3.152078415,0.007789796,0.006452856,0.006715242,1.54E-06,0.002097166,0.000141958,4.49E-06,2.58E-06,0,0,0.01226237,0.289187906,1.30E-05,1.75E-05,4.08E-05,5.36E-05,9.41E-06,0,2.40E-05,4.31E-05,0.00012523,0.007399362,9.21E-07,0,0,1.68E-06,1.27E-06,0,0,0,1.83E-08,1.49E-07,1.24E-06,0.0002292,4.80E-07,9.24E-07,9.36E-08,3.14E-07,4.01E-08,5.94E-08,6.67E-08,7.95E-09,5.02E-08,9.85E-09,2.27E-08,3.96E-09,2.41E-08,3.46E-09,0,0,0,0,0,0,0,0,0,0,1.23E-06
47,SGG47,47,3,3,Sample,Morlais,3,three,FeOB-rich,2,August,42583,0.645833333,13.9,6.43,,1134,0,1.9462049,0.677778829,1.211684839,3.875636859,0.460895785,0.01403114,3.176020886,0.007674093,0.006391615,0.006813172,2.08E-06,0.002162913,0.000672966,4.31E-06,6.91E-06,0,8.07E-06,0.012157904,0.288892258,1.22E-05,1.67E-05,0.000105283,8.25E-05,1.18E-05,0,2.30E-05,4.36E-05,0.000122454,0.007362691,9.33E-07,0,0,2.15E-06,0,0,0,7.58E-07,3.62E-07,2.15E-07,1.25E-06,0.000228023,1.41E-06,2.47E-06,2.40E-07,9.14E-07,1.07E-07,5.21E-08,1.18E-07,1.08E-08,5.85E-08,1.05E-08,3.34E-08,2.82E-09,1.57E-08,2.53E-09,0,0,2.67E-08,5.32E-08,3.12E-08,0,3.13E-05,3.10E-05,0,0,1.24E-06
48,SGG48,48,3,3,Sample,Morlais,3,three,FeOB-rich,3,August,42583,0.65625,13.9,6.45,,1134,0,1.571934727,0.65220227,0.960707673,3.779942122,0.458921323,0.014837527,3.166652093,0.007515227,0.006364314,0.006946652,1.97E-06,0.002065999,0.000376526,3.82E-06,3.20E-07,0,0,0.012059451,0.291851895,1.19E-05,1.53E-05,2.37E-05,4.83E-05,9.14E-06,0,2.42E-05,4.56E-05,0.000121515,0.00718385,8.94E-07,3.52E-06,0,2.34E-06,0,9.07E-08,0,5.79E-09,5.38E-08,2.31E-07,1.19E-06,0.000224449,1.55E-07,2.69E-07,3.79E-08,1.95E-07,1.43E-08,4.97E-08,5.50E-08,6.82E-09,5.45E-08,8.37E-09,3.05E-08,6.75E-10,2.22E-08,3.69E-09,0,0,0,0,0,0,0,0,0,0,1.18E-06
49,SGG49,49,4,3,Sample,Lindsay,2,two,FeOB-rich,1,August,42583,0.694444444,15,6.56,,1215,2.7,1.384799641,1.294173915,1.442090105,4.38020911,0.456664796,1.467624999,1.85814398,0.00550833,0.004716582,0.004625576,3.40E-06,0.002333645,0.000307602,7.89E-06,1.63E-05,0,0,0.010753263,0.297923912,4.84E-06,1.06E-05,7.39E-05,0.0001942,1.65E-05,2.72E-07,4.07E-05,4.48E-05,0.000296902,0.004404245,8.39E-07,0,0,5.75E-06,4.59E-06,0,0,0,1.31E-07,1.87E-07,3.97E-06,0.000379863,6.32E-07,1.12E-06,1.06E-07,3.39E-07,3.57E-08,8.11E-08,6.89E-08,8.29E-09,3.64E-08,9.65E-09,2.64E-08,4.25E-09,1.99E-08,3.68E-09,0,1.26E-07,0,0,0,0,0,0,1.92E-09,0,1.03E-06
50,SGG50,50,4,3,Sample,Lindsay,2,two,FeOB-rich,2,August,42583,0.704861111,15,6.7,,1216,0,1.472129348,1.327423443,1.501748611,4.336711503,0.45638273,0.013869863,1.841488347,0.005501809,0.004640008,0.00480397,3.65E-06,0.002351267,0.000446766,7.66E-06,4.00E-07,0,0,0.010581311,0.306060263,4.33E-06,9.94E-06,4.47E-06,8.65E-05,1.60E-05,4.42E-07,4.13E-05,4.79E-05,0.000297585,0.004387765,8.67E-07,0,0,6.65E-06,3.92E-06,0,0,0,3.00E-08,6.72E-08,3.98E-06,0.000377985,1.80E-07,3.24E-07,3.44E-08,1.35E-07,2.58E-10,7.99E-08,6.04E-08,6.34E-09,4.67E-08,8.97E-09,3.06E-08,5.11E-09,3.45E-08,5.18E-09,0,0,0,0,0,0,0,0,0,0,1.03E-06
51,SGG51,51,4,3,Sample,Lindsay,2,two,FeOB-rich,3,August,42583,0.715277778,15,6.72,,1216,0,1.447178003,1.38624953,1.5243777,4.484603369,0.448202817,0.013708585,1.824832715,0.00549887,0.004643826,0.004577448,3.50E-06,0.002249019,0,8.34E-06,6.12E-08,0,0,0.01067546,0.297694495,4.29E-06,9.23E-06,0,6.33E-05,1.64E-05,4.54E-07,3.97E-05,4.65E-05,0.000305963,0.004419886,7.31E-07,0,0,6.68E-06,6.87E-06,0,0,0,8.14E-08,1.52E-07,4.01E-06,0.000380103,6.66E-08,1.18E-07,1.56E-08,6.10E-08,1.76E-08,8.04E-08,2.85E-08,5.74E-09,3.90E-08,8.38E-09,3.11E-08,1.26E-09,1.66E-08,3.38E-09,0,0,0,0,0,0,0,0,0,0,9.94E-07
52,SGG52,52,5,3,Sample,Mountain Gate,2,two,FeOB-rich,1,August,42583,0.75,12,6.13,,925.4,78.8,1.933729228,0.595933839,1.571693067,1.026543545,0.358223774,0.014514973,1.212738228,0.003488093,0.002700063,0.00277207,3.87E-06,0.002322484,5.42E-06,4.98E-06,0,0,0,0.024010997,0.045596223,0.000747614,0.001302944,0,0.000361867,1.39E-05,0,0.000124958,3.83E-05,0.000180665,0.007812004,7.35E-07,1.03E-06,0,1.83E-06,2.78E-06,0,0,0,5.77E-08,1.48E-07,3.09E-06,0.000321368,1.41E-07,2.40E-07,3.72E-08,1.73E-07,9.53E-09,7.93E-08,4.34E-08,3.90E-09,3.36E-08,6.10E-09,1.98E-08,1.04E-09,1.91E-08,3.07E-09,0,0,0,0,0,0,0,0,0,0,2.36E-06
53,SGG53,53,5,3,Sample,Mountain Gate,2,two,FeOB-rich,2,August,42583,0.760416667,11.9,6.18,,922.7,74.8,1.958680573,0.578030247,1.536720839,0.991745459,0.369224347,0.015160082,1.216381647,0.003478015,0.002667994,0.002847792,3.93E-06,0.002438797,0.000883635,5.32E-06,2.15E-06,0,0,0.023558186,0.045144592,0.000728066,0.001251699,0,0.000497896,1.44E-05,0,0.000118109,3.34E-05,0.000178621,0.007664983,8.36E-07,0,0,1.82E-06,1.59E-06,3.62E-08,0,0,3.30E-07,3.78E-07,3.04E-06,0.000324036,1.86E-07,3.44E-07,5.09E-08,2.29E-07,1.62E-08,6.79E-08,5.32E-08,5.85E-09,4.74E-08,9.18E-09,2.44E-08,4.72E-09,3.10E-08,4.49E-09,0,0,0,0,0,0,0,0,0,0,2.37E-06
54,SGG54,54,5,3,Sample,Mountain Gate,2,two,FeOB-rich,3,August,42583,0.765277778,11.9,6.18,,924.3,70.4,1.908777883,0.593376183,1.581979017,1.043942588,0.368378149,0.014998805,1.211697251,0.003427707,0.002688503,0.002867902,4.17E-06,0.002324194,0.000166884,5.12E-06,7.44E-06,0,0,0.023678426,0.045426287,0.000740431,0.001273961,0,0.000391782,1.39E-05,0,0.0001197,3.22E-05,0.000177964,0.007671505,7.86E-07,0,0,1.38E-06,7.67E-07,0,0,0,1.47E-07,2.70E-07,3.13E-06,0.00032258,1.69E-07,3.13E-07,3.63E-08,1.71E-07,0,6.58E-08,5.16E-08,6.33E-09,3.68E-08,6.33E-09,2.67E-08,1.60E-09,2.80E-08,2.81E-09,0,0,0,0,0,0,0,0,3.04E-08,0,2.39E-06
55,SGG55,55,6,3,Sample,Dinas,10,ten,FeOB-rich,1,August,42585,0.4375,12.4,6.6,,570.5,7.9,0.935675433,0.258323252,0.611396832,1.857347855,0.447356619,0.014514973,0.649049172,0.005868442,0.005123924,0.005043769,1.02E-06,0.005624911,0,6.43E-06,0,0,0,0.013363477,0.084218791,2.11E-05,3.74E-05,0,6.39E-05,1.50E-05,0,3.13E-05,2.93E-05,7.13E-05,0.004104522,2.05E-07,0,0,6.37E-07,0,0,0,0,0,1.71E-07,5.93E-07,0.000338516,1.06E-07,1.59E-07,2.23E-08,6.63E-08,6.45E-09,5.75E-08,1.03E-08,5.21E-10,1.05E-08,7.48E-10,6.79E-09,0,1.57E-08,2.63E-09,0,0,0,0,0,0,0,0,0,0,2.69E-07
56,SGG56,56,6,3,Sample,Dinas,10,ten,FeOB-rich,2,August,42585,0.451388889,12.4,6.71,,571.8,8.2,0.960626778,0.260880908,0.597819379,2.040037808,0.445946289,0.015160082,0.649049172,0.006016123,0.005032744,0.00518229,1.03E-06,0.005637996,2.97E-05,6.40E-06,0,0,0,0.01376629,0.085111847,1.99E-05,3.58E-05,0,0.0001072,1.48E-05,0,3.16E-05,3.25E-05,7.02E-05,0.00402601,2.05E-07,0,0,5.11E-07,0,0,0,0,0,9.44E-08,5.98E-07,0.000342772,1.09E-07,1.73E-07,2.43E-08,6.85E-08,0,5.65E-08,2.88E-08,7.81E-10,1.57E-08,1.99E-09,6.10E-09,0,1.88E-08,1.47E-09,0,0,0,0,0,0,0,0,0,0,2.62E-07
57,SGG57,57,6,3,Sample,Dinas,10,ten,FeOB-rich,3,August,42585,0.465277778,12.4,6.71,,571.4,8.2,0.935675433,0.260880908,0.615099774,1.844298573,0.449895212,0.014192418,0.649049172,0.005975644,0.005073451,0.00548396,1.27E-06,0.005736576,0.00042982,6.56E-06,0,0,0,0.013291735,0.086996321,1.91E-05,3.50E-05,0,2.08E-05,1.47E-05,0,3.23E-05,3.46E-05,7.10E-05,0.004116221,2.49E-07,0,0,7.40E-07,0,0,0,0,0,1.74E-07,6.04E-07,0.000342811,1.27E-07,2.17E-07,2.69E-08,1.19E-07,9.68E-09,6.17E-08,1.75E-08,2.10E-09,1.03E-08,1.53E-09,7.05E-09,4.79E-11,2.64E-08,2.95E-09,0,0,0,0,0,0,0,0,0,0,2.70E-07
58,SGG58,58,8,3,Sample,Crumlin Navigation,12,twelve,SOB-rich,1,August,42585,0.520833333,19.7,7.75,,2197,43.7,3.942312491,1.168848773,1.820613043,12.46206465,0.567516719,0.01403114,2.334911454,0.03816978,0.032084841,0.03356993,1.07E-06,0.01935813,0,1.48E-05,2.07E-06,0,0,0.006080262,9.27E-05,3.67E-06,1.49E-05,0,6.73E-05,0.000122747,0,2.25E-06,3.24E-05,0.000298133,0.019330668,4.80E-07,0,0,0,0,0,0,0,1.47E-07,4.36E-07,1.65E-06,0.002751956,4.80E-08,1.05E-08,4.46E-09,2.56E-08,1.19E-08,4.96E-07,4.00E-08,1.75E-09,2.45E-08,2.87E-09,1.05E-08,1.67E-09,1.47E-08,4.24E-09,0,0,0,0,0,0,0,0,0,0,8.94E-08
59,SGG59,59,8,3,Sample,Crumlin Navigation,12,twelve,SOB-rich,2,August,42585,0.534722222,19.7,7.71,,2197,43.7,3.99221518,1.166291118,1.837070562,12.78829671,0.57936349,0.01403114,2.471279444,0.040704509,0.034023598,0.033539376,1.38E-06,0.020567007,0,1.64E-05,4.36E-06,0,0,0.006375341,8.76E-05,4.04E-06,1.72E-05,0,3.74E-05,8.02E-05,0,1.65E-06,3.56E-05,0.00030207,0.01984145,4.03E-07,0,0,0,0,0,0,0,1.85E-07,3.73E-07,1.73E-06,0.001818334,4.50E-08,2.78E-08,3.95E-09,1.86E-08,0,3.59E-07,3.25E-08,3.17E-10,1.40E-08,1.43E-09,9.90E-09,1.16E-09,1.19E-08,3.66E-09,0,0,0,0,0,0,0,0,0,0,8.12E-08
60,SGG60,60,8,3,Sample,Crumlin Navigation,12,twelve,SOB-rich,3,August,42585,0.548611111,20.1,7.72,,2144,61.7,3.830031439,1.13304159,1.822670232,12.11408379,0.5618754,0.013547308,2.346362202,0.03903833,0.032725136,0.033871393,9.59E-07,0.019700149,0,1.63E-05,3.86E-06,0,0,0.00598162,1.34E-05,3.49E-06,1.66E-05,0,3.19E-05,9.22E-05,0,1.19E-06,3.60E-05,0.000294462,0.019313276,3.16E-07,0,0,0,0,0,0,0,1.27E-07,2.53E-07,1.63E-06,0.002081853,3.42E-08,0,0,2.04E-08,3.95E-09,3.98E-07,3.41E-08,1.04E-09,9.27E-09,2.27E-09,8.98E-09,5.91E-10,1.43E-08,2.31E-09,3.58E-08,5.24E-07,0,0,0,0,0,0,0,0,1.18E-07
61,SGG61,61,9,4,Sample,Celynen North,12,twelve,SOB-rich,1,August,42585,0.618055556,13.2,7.08,,1285,11.5,2.906831678,0.375975426,1.265171775,4.928278969,0.483178996,0.014353695,2.299518236,0.015552293,0.012336733,0.011443558,3.15E-06,0.009297497,7.17E-05,1.64E-05,8.18E-06,0,0,0.016694519,0.051019745,4.98E-06,1.19E-05,0,5.14E-05,5.21E-05,0,3.39E-06,1.55E-05,9.91E-05,0.009626256,1.43E-06,0,3.19E-06,3.50E-07,2.47E-06,0,0,0,2.27E-09,7.13E-07,8.51E-07,0.001228657,1.76E-07,3.59E-07,6.81E-08,3.44E-07,9.62E-08,2.74E-07,1.31E-07,3.38E-08,8.81E-08,3.77E-08,8.72E-08,2.47E-08,6.45E-08,2.89E-08,2.93E-07,4.99E-07,1.65E-06,1.57E-06,1.59E-06,1.91E-07,0,0,0,1.47E-08,1.46E-06
62,SGG62,62,9,4,Sample,Celynen North,12,twelve,SOB-rich,2,August,42585,0.631944444,13.1,7.15,,1280,11.6,3.006637058,0.340168243,1.390660358,4.60204691,0.489948579,0.013708585,2.305764098,0.015087325,0.01210867,0.010761257,3.09E-06,0.009079543,9.41E-05,1.64E-05,9.62E-06,0,0,0.01649502,0.050397443,4.60E-06,1.15E-05,0,3.47E-05,5.14E-05,0,3.78E-06,1.28E-05,9.78E-05,0.009428338,1.36E-06,0,2.52E-06,1.32E-08,4.68E-07,0,0,0,0,8.65E-07,7.91E-07,0.001183319,1.66E-07,3.78E-07,6.88E-08,3.11E-07,5.57E-08,2.46E-07,1.11E-07,2.14E-08,9.69E-08,2.46E-08,6.17E-08,7.59E-09,5.08E-08,1.33E-08,2.38E-07,2.46E-07,9.47E-07,9.93E-07,9.90E-07,9.99E-08,0,0,0,1.31E-08,1.46E-06
63,SGG63,63,9,4,Sample,Celynen North,12,twelve,SOB-rich,3,August,42585,0.642361111,13.1,7.04,,1280,11.6,3.031588403,0.38620605,1.341287801,4.897830644,0.493615437,0.013547308,2.27349381,0.015656958,0.012493936,0.011233532,2.45E-06,0.009502605,0.000459186,1.69E-05,8.87E-06,0,0,0.01705038,0.050461938,5.24E-06,1.29E-05,0,4.46E-05,5.30E-05,0,3.72E-06,1.42E-05,9.94E-05,0.009649688,1.41E-06,0,2.12E-06,5.47E-06,7.42E-06,0,0,0,0,3.57E-07,7.93E-07,0.0012429,1.86E-07,3.94E-07,5.67E-08,2.85E-07,7.60E-08,2.48E-07,1.37E-07,2.02E-08,8.73E-08,2.21E-08,7.21E-08,6.72E-09,5.32E-08,8.93E-09,1.73E-07,1.46E-07,2.68E-07,2.48E-07,2.53E-07,2.31E-08,0,0,0,3.45E-09,1.52E-06
64,SGG64,64,10,4,Sample,Six Bells,12,twelve,SOB-rich,1,August,42585,0.666666667,18.6,7.12,,2757,76.9,4.578571785,1.86708885,2.752520058,14.9414283,0.709960031,0.014192418,8.603675065,0.048741023,0.038895225,0.034113118,7.73E-07,0.024576742,0.000195346,2.01E-05,9.47E-06,0,0,0.008754066,0.00027363,6.96E-06,2.82E-05,1.81E-06,0.000135452,1.02E-05,0,5.21E-06,1.92E-05,0.000389151,0.020275399,3.57E-07,0,2.67E-05,2.49E-05,2.76E-05,0,0,0,1.65E-07,4.88E-07,2.51E-06,0.000231805,8.69E-08,1.32E-07,2.01E-08,6.95E-08,0,5.99E-08,1.98E-08,6.36E-09,2.31E-08,5.09E-09,1.21E-08,3.16E-09,1.96E-08,4.63E-09,1.58E-07,7.15E-08,2.40E-07,2.56E-07,2.52E-07,1.61E-08,0,0,0,7.93E-09,3.35E-06
65,SGG65,65,10,4,Sample,Six Bells,12,twelve,SOB-rich,2,August,42585,0.680555556,18.5,7.13,,2754,73.6,4.591047457,1.859415883,2.773091956,14.9414283,0.724063329,0,8.666133686,0.047666562,0.038043585,0.033973208,1.09E-06,0.023936002,0.000441099,2.01E-05,1.04E-05,0,0,0.008667901,5.01E-05,6.67E-06,2.87E-05,0,7.78E-05,9.17E-06,0,6.43E-06,1.76E-05,0.000387855,0.019764713,3.21E-07,0,6.35E-06,6.74E-06,8.01E-06,0,0,0,1.36E-07,5.24E-07,2.45E-06,0.00021345,8.21E-08,1.39E-07,2.10E-08,8.12E-08,0,5.10E-08,3.18E-08,3.57E-09,1.33E-08,4.19E-09,1.29E-08,1.77E-09,1.52E-08,5.19E-09,1.51E-07,3.40E-08,2.53E-07,2.73E-07,2.42E-07,7.44E-09,0,0,0,3.97E-08,3.34E-06
66,SGG66,66,10,4,Sample,Six Bells,12,twelve,SOB-rich,3,August,42585,0.694444444,18.6,7.12,,2756,74.3,4.566096113,1.792916828,2.71343345,15.07192112,0.727166055,0.013547308,8.707772767,0.04779303,0.039379877,0.034415059,5.09E-07,0.024288605,0.000143492,2.00E-05,1.03E-05,0,0,0.008730912,0,6.58E-06,2.88E-05,1.76E-06,3.10E-05,8.75E-06,0,6.15E-06,2.25E-05,0.000390101,0.020359687,2.88E-07,0,2.95E-06,6.83E-06,7.65E-06,0,0,0,1.25E-07,7.91E-07,2.40E-06,0.000207593,8.02E-08,1.24E-07,1.58E-08,8.18E-08,7.09E-09,4.46E-08,1.68E-08,4.56E-09,1.80E-08,5.44E-09,1.68E-08,4.35E-10,6.45E-09,4.11E-09,1.53E-07,0,2.36E-07,2.15E-07,2.28E-07,2.21E-09,0,0,0,0,3.29E-06
67,SGG67,67,13,4,Sample,Blaenavon,12,twelve_MCM,FeOB-rich,1,August,42585,0.731944444,10.3,6.51,,660.5,88.5,1.43470233,0.355514178,1.04258383,0.38930359,0.445100091,0.029836332,1.883127428,0.010406348,0.008301443,0.007595715,2.29E-06,0.004760054,0.000358969,1.24E-05,4.24E-06,1.04E-06,0,0.03664862,0.114950631,0.000306903,0.000522509,0,0.000108162,8.08E-06,0,5.27E-06,1.97E-05,0.00012741,0.004176791,8.94E-07,0,0,4.85E-06,7.26E-06,0,0,0,4.96E-07,2.09E-07,8.16E-07,0.000186293,9.67E-08,1.59E-07,2.25E-08,8.45E-08,6.56E-09,4.10E-08,2.91E-08,8.31E-09,4.25E-08,1.67E-08,4.66E-08,8.95E-09,5.37E-08,1.33E-08,1.49E-07,0,2.43E-07,2.42E-07,2.27E-07,4.96E-08,0,0,0,0,3.90E-07
68,SGG68,68,13,4,Sample,Blaenavon,12,twelve_MCM,FeOB-rich,2,August,42585,0.745833333,10.3,6.79,,661.4,88.7,1.447178003,0.355514178,1.041760955,0.38712871,0.430150595,0.025159286,1.893537198,0.010154892,0.008194468,0.007647196,2.32E-06,0.004510472,9.10E-06,1.18E-05,1.25E-05,1.00E-06,0,0.035558826,0.114364485,0.000302273,0.000516658,5.21E-06,0.000121233,7.73E-06,0,5.47E-06,1.86E-05,0.000125331,0.004172498,8.89E-07,0,0,3.29E-06,5.05E-06,0,0,0,4.86E-07,2.09E-07,7.74E-07,0.000185373,6.80E-08,1.14E-07,1.66E-08,7.67E-08,7.29E-09,4.46E-08,4.29E-08,7.78E-09,7.15E-08,1.74E-08,5.10E-08,6.99E-09,3.69E-08,1.05E-08,1.20E-08,0,1.66E-07,1.05E-07,1.14E-07,4.57E-08,0,0,4.86E-08,0,3.92E-07
69,SGG69,69,13,4,Sample,Blaenavon,12,twelve_MCM,FeOB-rich,3,August,42585,0.759722222,10.3,6.8,,661.6,88.5,1.459653675,0.337610587,1.0487554,0.383648901,0.445946289,0.031449107,1.869594727,0.010142155,0.008237716,0.007680575,1.92E-06,0.00446521,6.89E-05,1.21E-05,3.70E-06,8.45E-07,0,0.036128594,0.11488985,0.000301949,0.000514312,0,0.000136418,7.92E-06,0,4.93E-06,1.55E-05,0.000125393,0.004134219,8.98E-07,0,0,4.75E-06,6.24E-06,0,0,0,4.56E-07,1.58E-07,7.94E-07,0.000187844,1.02E-07,1.50E-07,2.21E-08,1.15E-07,7.72E-09,4.24E-08,4.05E-08,8.53E-09,5.26E-08,1.49E-08,5.02E-08,8.88E-09,5.49E-08,1.26E-08,6.10E-08,0,1.39E-07,1.28E-07,1.25E-07,4.97E-08,0,0,0,0,3.87E-07
70,SGG70,70,11,4,Sample,Taff's Well,0,zero,FeOB-rich,1,August,42587,0.472222222,21.3,7.23,,528.4,18.7,1.060432157,0.080821928,0.625797161,1.457169863,0.9099448,0.014353695,0.233803439,0.01033845,0.008184681,0.007950624,3.16E-07,0.003005523,0,1.99E-05,9.32E-06,0,0,0.003794079,0.024662236,9.85E-06,1.03E-05,0,9.16E-05,8.56E-05,0,5.71E-06,1.06E-05,2.43E-05,0.003355381,2.29E-07,0,0,2.45E-06,5.22E-06,0,0,0,0,3.23E-08,8.23E-07,0.00196993,9.58E-08,9.76E-08,1.84E-08,6.73E-08,1.76E-09,3.71E-07,2.30E-08,1.51E-09,1.23E-08,1.21E-09,8.07E-09,1.41E-09,8.45E-09,3.32E-09,3.73E-08,0,1.22E-07,1.39E-07,1.46E-07,1.44E-07,0,0,0,0,1.98E-06
71,SGG71,71,11,4,Sample,Taff's Well,0,zero,FeOB-rich,2,August,42587,0.486111111,21.1,7.42,,511.5,22.3,1.085383502,0.081589225,0.620448467,1.461519624,0.920099174,0.01467625,0.233387048,0.010349132,0.008196297,0.007720486,2.00E-07,0.00301098,0,2.01E-05,7.68E-06,0,0,0.003730017,0.024412815,9.53E-06,9.63E-06,0,6.76E-05,8.73E-05,0,6.49E-06,1.00E-05,2.40E-05,0.00334222,2.16E-07,0,0,2.92E-06,6.06E-06,0,0,0,0,1.61E-08,7.99E-07,0.001989623,7.51E-08,7.05E-08,1.38E-08,5.78E-08,4.49E-09,3.69E-07,3.76E-08,9.97E-10,6.33E-09,6.50E-10,3.65E-09,1.07E-09,6.87E-09,3.70E-09,2.22E-08,0,1.43E-07,1.42E-07,1.48E-07,1.48E-07,0,0,0,3.37E-09,2.03E-06
72,SGG72,72,11,4,Sample,Taff's Well,0,zero,FeOB-rich,3,August,42587,0.496527778,21.2,7.35,,511.8,19,1.060432157,0.080821928,0.627031475,1.461519624,0.917842647,0.014998805,0.234115732,0.010016941,0.008092231,0.007297759,3.21E-07,0.002953878,0,1.94E-05,1.09E-05,0,0,0.003641741,0.024649102,9.30E-06,9.23E-06,0,9.70E-05,8.69E-05,0,6.17E-06,8.23E-06,2.38E-05,0.003318189,2.26E-07,0,0,2.30E-06,3.26E-06,0,0,0,0,1.11E-07,8.56E-07,0.001940758,8.77E-08,9.64E-08,1.20E-08,3.68E-08,0,3.47E-07,3.07E-08,1.28E-09,7.14E-09,1.30E-09,6.70E-09,9.64E-10,9.94E-09,3.71E-09,1.24E-08,0,1.35E-07,1.15E-07,1.04E-07,1.37E-07,0,0,2.26E-09,0,1.99E-06
,,73,,,Sample (not used),Taff's Well PUMPED,,,,,,,,,,,,,,,,,,,,,,,,,,,,,,,,,,,,,,,,,,,,,,,,,,,,,,,,,,,,,,,,,,,,,,,,,,,,,,
,,74,,,Sample (not used),Taff's Well PUMPED,,,,,,,,,,,,,,,,,,,,,,,,,,,,,,,,,,,,,,,,,,,,,,,,,,,,,,,,,,,,,,,,,,,,,,,,,,,,,,
,,75,,,Sample (not used),Taff's Well PUMPED,,,,,,,,,,,,,,,,,,,,,,,,,,,,,,,,,,,,,,,,,,,,,,,,,,,,,,,,,,,,,,,,,,,,,,,,,,,,,,
76,SGG76,76,7,4,Sample,Taff Bargoed,11,eleven,FeOB-rich,1,August,42587,0.604861111,12.3,6.88,,684.4,82.2,1.933729228,0.281342156,0.889940341,0.643764596,0.276706711,0.014514973,1.141431302,0.004415778,0.00336958,0.003460585,4.19E-07,0.002357324,0,1.21E-05,3.86E-06,0,0,0.009575774,0.112942104,1.48E-05,1.87E-05,0,4.24E-05,1.41E-05,0,3.63E-05,9.35E-06,4.61E-05,0.006437553,2.66E-07,0,0,3.62E-06,4.40E-06,0,0,0,9.04E-08,1.44E-07,2.50E-07,0.000332668,3.07E-08,4.95E-08,3.29E-09,2.34E-08,0,5.59E-08,1.72E-08,5.86E-10,1.67E-09,1.35E-09,4.78E-09,0,2.25E-09,1.28E-09,0,0,8.93E-08,5.58E-08,4.98E-08,0,0,0,0,0,7.79E-07
77,SGG77,77,7,4,Sample,Taff Bargoed,11,eleven,FeOB-rich,2,August,42587,0.615277778,12.2,7.04,,686,57.1,1.99610759,0.289015123,0.884591648,0.648114357,0.275860513,0.014353695,1.138828859,0.004501274,0.003335357,0.003233744,5.70E-07,0.002285556,0,1.24E-05,5.03E-06,0,0,0.009599492,0.111375104,1.48E-05,1.91E-05,0,2.83E-05,1.33E-05,0,3.69E-05,8.61E-06,4.64E-05,0.006456091,2.68E-07,0,0,3.64E-06,5.27E-06,0,0,0,3.53E-08,2.52E-07,2.43E-07,0.000309085,4.40E-08,0,7.79E-09,3.10E-08,0,5.72E-08,1.10E-08,1.14E-09,8.22E-09,1.52E-09,3.87E-09,0,0,1.53E-09,0,0,5.62E-08,5.78E-08,4.71E-08,0,0,0,0,1.77E-08,7.67E-07
78,SGG78,78,7,4,Sample,Taff Bargoed,11,eleven,FeOB-rich,3,August,42587,0.625694444,12.1,7.07,,689,45.1,1.9462049,0.294130435,0.872659947,0.635065075,0.275860513,0.018224354,1.134144463,0.004469879,0.003334279,0.003251535,4.32E-07,0.002349556,0,1.27E-05,4.14E-06,0,0,0.009654709,0.109431285,1.51E-05,1.87E-05,0,1.52E-05,1.37E-05,0,3.58E-05,8.85E-06,4.59E-05,0.006523011,2.72E-07,0,0,3.64E-06,6.28E-06,0,0,0,2.19E-08,2.05E-07,2.50E-07,0.000311777,3.82E-08,4.40E-08,6.20E-09,4.22E-08,0,5.34E-08,2.26E-09,1.15E-09,7.02E-09,2.84E-09,2.35E-10,0,6.09E-09,1.03E-09,0,0,4.20E-08,5.01E-08,5.55E-08,0,0,0,0,0,7.66E-07
79,SGG79,79,12,4,Sample,Cefn Hengoed,11,eleven,FeOB-rich,1,August,42587,0.684027778,11.4,6.66,,796.4,0.2,2.50761016,0.271111532,1.030652129,0.674212922,0.367814017,0.01467625,1.913315762,0.006009348,0.004838738,0.004741874,2.09E-06,0.003609536,0,1.50E-05,4.60E-06,0,0,0.009320697,0.053740306,5.69E-05,9.99E-05,0,7.22E-05,8.04E-06,0,2.15E-05,9.16E-06,5.34E-05,0.00804431,4.40E-07,0,0,0,7.47E-07,0,0,0,4.30E-07,2.08E-07,3.06E-07,0.000188994,8.66E-08,1.47E-07,1.60E-08,8.64E-08,1.22E-08,4.20E-08,2.03E-08,4.35E-09,1.51E-08,3.29E-09,9.21E-09,0,6.15E-09,2.89E-09,0,0,4.91E-08,5.48E-08,4.99E-08,1.28E-07,0,0,0,0,3.64E-07
80,SGG80,80,12,4,Sample,Cefn Hengoed,11,eleven,FeOB-rich,2,August,42587,0.694444444,11.4,6.69,,796.2,0,2.357902091,0.273669188,1.01008023,0.782956941,0.37176294,0.016127747,1.906028923,0.005838564,0.004785123,0.004482597,1.49E-06,0.003526377,0,1.44E-05,4.89E-06,0,0,0.00913019,0.053424126,5.56E-05,9.75E-05,0,1.97E-05,7.50E-06,0,2.20E-05,8.68E-06,5.25E-05,0.007848407,4.36E-07,0,0,3.02E-07,8.45E-07,0,0,0,0,3.86E-07,3.15E-07,0.000182128,9.78E-08,1.67E-07,1.73E-08,1.02E-07,1.80E-08,3.28E-08,1.40E-08,2.59E-09,1.81E-08,3.55E-09,1.33E-08,2.36E-10,1.08E-08,3.62E-09,0,0,3.88E-08,6.44E-08,5.12E-08,1.34E-07,0,0,0,0,3.53E-07
81,SGG81,81,12,5,Sample,Cefn Hengoed,11,eleven,FeOB-rich,3,August,42587,0.704861111,11.4,6.69,,796.6,0,2.245621039,0.273669188,1.036823699,0.791656463,0.369788479,0.01403114,1.920602601,0.00596129,0.004888896,0.004291915,1.59E-06,0.003594718,0,1.43E-05,1.60E-05,0,0,0.009245552,0.053988525,5.63E-05,9.75E-05,0,3.60E-05,7.29E-06,0,2.07E-05,1.09E-05,5.35E-05,0.008016621,4.40E-07,0,0,0,1.25E-06,0,0,0,0,2.35E-07,3.45E-07,0.000184504,9.15E-08,1.59E-07,1.42E-08,9.43E-08,9.69E-09,3.05E-08,8.82E-09,3.25E-09,2.29E-08,2.73E-09,1.12E-08,1.51E-09,1.19E-08,2.19E-09,0,0,2.47E-08,1.68E-08,1.00E-08,1.33E-07,0,0,4.91E-08,0,3.67E-07
82,SGG82,82,1,5,Sample,Ynysarwed,6,six,FeOB-rich,1,December,42709,0.46875,12.9,6.26,49.6,1633,32.8,3.206247817,0.498742912,2.275252006,2.914339726,0.334530233,0.019675852,11.34664951,0.0163549,0.013174443,0.012733183,5.34E-05,0.003900391,0.015825461,2.25E-05,1.23E-05,0,0,0.03024989,1.551977222,0.000153378,0.000547518,1.46E-05,0.000273907,2.78E-06,0,0.000652559,2.03E-05,9.98E-05,0.013593755,2.80E-05,0,0,1.10E-05,1.27E-05,4.63E-08,0,0,1.53E-07,2.74E-07,1.04E-06,7.65E-05,7.86E-07,2.99E-06,5.68E-07,2.87E-06,9.87E-07,3.42E-07,2.03E-06,3.97E-07,2.30E-06,4.80E-07,1.34E-06,1.78E-07,1.02E-06,1.64E-07,0,0,2.64E-08,4.24E-09,1.38E-08,1.03E-08,0,0,0,0,5.13E-07
83,SGG83,83,1,5,Sample,Ynysarwed,6,six,FeOB-rich,2,December,42709,0.482638889,12.9,6.35,48.8,1633,32.8,3.218723489,0.485954632,2.248508537,2.970886616,0.334248167,0.020159684,11.58607423,0.015392502,0.012332778,0.011909025,3.97E-05,0.003706967,0.002607535,2.09E-05,9.25E-06,0,0,0.029377436,1.540400804,0.00014976,0.000533298,0,0.000210367,2.50E-06,0,0.000638413,1.44E-05,9.84E-05,0.013246541,2.17E-05,0,0,1.13E-05,1.20E-05,3.21E-08,0,0,8.60E-08,3.65E-07,1.05E-06,7.56E-05,6.36E-07,2.12E-06,3.45E-07,1.87E-06,5.47E-07,2.01E-07,1.25E-06,2.28E-07,1.39E-06,3.24E-07,9.23E-07,1.13E-07,6.03E-07,9.49E-08,0,0,5.56E-08,5.48E-08,3.03E-08,8.85E-09,0,0,3.44E-08,1.36E-07,4.37E-07
84,SGG84,84,1,5,Sample,Ynysarwed,6,six,FeOB-rich,3,December,42709,0.496527778,12.9,6.35,48.5,1632,32.6,3.193772144,0.48083932,2.236165398,2.966536855,0.334812299,0.019030742,12.03369434,0.014930549,0.011999923,0.011053546,4.03E-05,0.003620791,0.002778511,1.98E-05,7.58E-06,0,0,0.029465687,1.472894789,0.000148893,0.000535128,0,0.000236175,2.69E-06,0,0.00060098,1.76E-05,9.84E-05,0.013405019,2.21E-05,0,0,1.09E-05,1.19E-05,6.75E-08,0,0,8.58E-08,5.11E-07,1.07E-06,7.51E-05,6.26E-07,2.08E-06,3.64E-07,2.03E-06,5.55E-07,2.23E-07,1.37E-06,2.37E-07,1.47E-06,3.23E-07,9.04E-07,1.15E-07,6.54E-07,9.77E-08,0,0,4.85E-08,4.00E-08,4.10E-08,5.08E-09,0,0,0,0,4.31E-07
85,SGG85,85,2,5,Sample,Glyncastle,8,eight,FeOB-rich,1,December,42709,0.517361111,12.5,6.2,56.8,1319,19,2.707220919,0.427128545,1.985188233,2.301023455,0.256397961,0.017901799,9.972559846,0.012192179,0.010010412,0.009577966,6.71E-06,0.003895467,0,1.25E-05,3.80E-06,0,0,0.028377419,0.268539789,0.000402244,0.000690565,0,0.000272591,4.56E-06,0,2.23E-05,1.18E-05,9.65E-05,0.016514898,2.12E-06,0,0,8.54E-08,1.10E-06,1.28E-07,0,0,8.06E-10,3.03E-07,7.31E-07,0.000115598,1.54E-07,1.87E-07,1.98E-08,8.42E-08,4.60E-09,2.82E-08,4.05E-08,6.06E-09,4.79E-08,1.42E-08,4.37E-08,1.91E-09,2.96E-08,4.12E-09,0,0,3.61E-08,4.18E-08,8.77E-09,1.75E-07,0,0,0,0,2.62E-07
86,SGG86,86,2,5,Sample,Glyncastle,8,eight,FeOB-rich,2,December,42709,0.527777778,12.5,6.2,56.9,1320,18.7,3.168820799,0.39899433,1.952273195,2.305373216,0.256115895,0.014353695,9.808605965,0.01280116,0.010418645,0.009514033,6.44E-06,0.004014984,0,1.30E-05,3.21E-06,0,0,0.029628282,0.26208766,0.000423066,0.000713474,0,0.000273609,4.76E-06,0,2.13E-05,1.46E-05,9.92E-05,0.01685089,2.02E-06,0,0,1.35E-07,2.40E-06,1.07E-07,0,0,0,4.97E-07,7.62E-07,0.000118968,1.30E-07,1.33E-07,1.28E-08,6.19E-08,1.20E-08,2.12E-08,2.51E-08,6.00E-09,4.79E-08,1.14E-08,3.31E-08,3.12E-09,2.34E-08,2.61E-09,0,0,2.70E-08,6.62E-09,2.10E-08,1.85E-07,0,0,0,0,2.69E-07
87,SGG87,87,2,5,Sample,Glyncastle,8,eight,FeOB-rich,3,December,42709,0.545138889,12.5,6.19,57.5,1320,18.6,3.193772144,0.419455577,1.907015017,2.305373216,0.257244159,0.017095412,9.777376655,0.012487941,0.010241857,0.009342136,6.42E-06,0.003922492,0,1.16E-05,2.97E-06,0,0,0.028069346,0.266525207,0.000409182,0.000679596,0,0.000240286,4.44E-06,0,2.03E-05,2.06E-05,9.74E-05,0.016376051,1.93E-06,0,0,0,6.06E-07,7.87E-08,0,0,0,3.85E-07,7.71E-07,0.00011703,1.18E-07,1.23E-07,6.81E-09,4.89E-08,4.14E-09,1.93E-08,2.80E-08,5.39E-09,4.72E-08,1.09E-08,3.25E-08,2.18E-09,2.96E-08,3.00E-09,0,0,2.72E-08,1.64E-08,1.47E-08,1.71E-07,0,0,0,0,2.72E-07
88,SGG88,88,3,5,Sample,Morlais,3,three,FeOB-rich,1,December,42709,0.597222222,13.8,6.57,36.4,1104,0.7,1.896302211,0.641971646,1.137626003,4.053977052,0.427047869,0.01209581,3.475822268,0.00857221,0.007113026,0.006406729,1.51E-06,0.001977219,0,8.71E-06,3.71E-06,0,0,0.010361304,0.282812835,1.56E-05,1.93E-05,1.82E-05,4.48E-05,8.47E-06,0,1.82E-05,3.46E-05,0.000107516,0.006387205,6.70E-07,0,0,2.30E-06,2.97E-06,0,0,0,1.54E-08,2.16E-07,1.09E-06,0.000216481,8.96E-08,1.63E-07,1.61E-08,8.29E-08,4.72E-09,3.30E-08,3.47E-08,2.95E-09,3.65E-08,5.80E-09,2.21E-08,1.17E-09,1.37E-08,2.99E-09,0,0,3.19E-08,8.97E-09,9.73E-09,0,0,0,0,0,1.10E-06
89,SGG89,89,3,5,Sample,Morlais,3,three,FeOB-rich,2,December,42709,0.607638889,13.8,6.62,33.4,1104,0.3,1.9462049,0.670105861,1.152026332,4.027878487,0.423663078,0.011611978,3.466453475,0.008668503,0.00706438,0.006728829,1.65E-06,0.001978771,0,8.82E-06,1.99E-06,0,0,0.010423303,0.277477129,1.53E-05,1.89E-05,2.74E-05,2.59E-05,8.47E-06,0,1.91E-05,3.92E-05,0.000109635,0.006423947,6.47E-07,0,0,1.80E-06,3.06E-06,0,0,0,1.04E-08,2.37E-07,1.11E-06,0.000218322,6.30E-08,9.17E-08,1.01E-08,9.23E-08,0,3.87E-08,2.75E-08,2.94E-09,3.41E-08,5.61E-09,1.17E-08,3.95E-10,2.30E-08,3.10E-09,0,0,2.07E-08,2.34E-08,9.31E-10,0,0,0,0,0,1.13E-06
90,SGG90,90,3,5,Sample,Morlais,3,three,FeOB-rich,3,December,42709,0.618055556,13.8,6.6,34.5,1104,0.3,1.933729228,0.590818527,1.143797573,4.15402155,0.422252748,0.011934533,3.44355198,0.008444506,0.006984639,0.006257996,1.76E-06,0.001945161,0,8.36E-06,1.52E-06,0,0,0.010082346,0.274994606,1.49E-05,1.79E-05,1.88E-05,1.27E-05,8.34E-06,0,1.85E-05,3.77E-05,0.000106458,0.006235806,7.01E-07,0,0,1.82E-06,2.45E-06,0,0,0,3.03E-10,1.67E-07,1.05E-06,0.00021307,8.10E-08,1.32E-07,1.51E-08,1.33E-07,0,4.12E-08,4.80E-08,4.32E-09,4.04E-08,4.99E-09,2.34E-08,1.84E-09,1.33E-08,2.31E-09,0,0,1.02E-08,2.70E-08,1.25E-08,0,0,0,0,0,1.08E-06
91,SGG91,91,4,5,Sample,Lindsay,2,two,FeOB-rich,1,December,42710,0.4375,15,6.93,16.6,976.1,0.2,1.659264434,1.427172025,1.590207776,4.528100977,0.458921323,0,2.426517432,0.006264428,0.005086427,0.004706841,3.78E-06,0.00228126,0,1.19E-05,3.55E-06,0,0,0.010886668,0.295991308,4.90E-06,8.72E-06,5.59E-06,6.97E-05,1.48E-05,0,3.24E-05,3.92E-05,0.000286166,0.004250793,8.01E-07,0,0,5.64E-06,7.17E-06,0,0,0,5.88E-08,1.01E-07,3.83E-06,0.000354503,5.81E-08,1.01E-07,1.39E-08,5.55E-08,0,5.59E-08,2.21E-08,6.02E-09,5.24E-08,9.88E-09,2.78E-08,3.39E-09,2.72E-08,4.36E-09,0,6.67E-08,3.94E-08,1.64E-08,2.69E-08,0,0,0,0,0,1.10E-06
92,SGG92,92,4,5,Sample,Lindsay,2,two,FeOB-rich,2,December,42710,0.447916667,14.9,6.92,16.9,1236,0,1.596886072,1.460421553,1.557292738,4.502002412,0.461741983,0.01209581,2.4098618,0.006080301,0.004950839,0.004690209,4.12E-06,0.002281689,0,1.20E-05,7.70E-06,0,2.19E-07,0.01084619,0.314013681,4.84E-06,8.74E-06,9.82E-06,7.81E-05,1.52E-05,0,3.40E-05,3.90E-05,0.000282687,0.004247856,7.90E-07,0,0,5.92E-06,7.73E-06,0,0,0,8.08E-08,2.33E-07,3.78E-06,0.000356535,5.40E-08,9.10E-08,1.51E-08,1.02E-07,0,6.14E-08,3.04E-08,4.74E-09,3.41E-08,9.53E-09,2.61E-08,2.24E-09,2.14E-08,4.24E-09,0,5.54E-08,5.75E-08,1.86E-08,1.57E-08,0,0,0,4.69E-08,0,1.09E-06
93,SGG93,93,4,5,Sample,Lindsay,2,two,FeOB-rich,3,December,42710,0.458333333,14.9,6.91,17.1,1234,0.1,1.621837417,1.468094521,1.586093396,4.502002412,0.452715872,0.011128146,2.453582835,0.006276879,0.005180068,0.004676714,4.16E-06,0.00231938,0,1.20E-05,2.89E-06,0,0,0.011204036,0.310672606,4.75E-06,7.89E-06,6.26E-06,4.33E-05,1.54E-05,0,3.61E-05,4.81E-05,0.000294017,0.004322943,7.83E-07,0,0,5.94E-06,6.13E-06,0,0,0,1.35E-08,1.41E-07,3.94E-06,0.000363633,2.96E-08,4.81E-08,8.44E-09,6.96E-08,0,6.10E-08,3.54E-08,5.20E-09,4.45E-08,7.65E-09,2.65E-08,2.23E-09,2.86E-08,4.24E-09,0,3.47E-08,5.40E-08,4.32E-08,4.13E-08,0,0,0,0,0,1.08E-06
94,SGG94,94,5,5,Sample,Mountain Gate,2,two,FeOB-rich,1,December,42710,0.486111111,11.8,6.31,50.8,939.1,77,2.033534608,0.61383743,1.612836865,1.157036369,0.314785616,0,1.928930417,0.00383639,0.002911052,0.002504025,4.07E-06,0.002307535,0,9.03E-06,5.92E-07,0,0,0.02307103,0.043540255,0.000746314,0.001286634,0,0.00030931,1.22E-05,0,0.000112895,3.81E-05,0.000168582,0.007403267,6.78E-07,0,0,1.73E-06,3.55E-06,0,0,0,1.27E-09,1.94E-07,2.97E-06,0.000297211,1.03E-07,1.63E-07,2.26E-08,1.52E-07,3.75E-08,5.43E-08,1.71E-08,3.53E-09,3.56E-08,4.54E-09,2.19E-08,1.50E-09,2.41E-08,3.11E-09,0,0,2.31E-08,1.26E-08,1.70E-08,3.47E-08,0,0,0,0,2.37E-06
95,SGG95,95,5,5,Sample,Mountain Gate,2,two,FeOB-rich,2,December,42710,0.496527778,11.8,6.33,49.8,943.8,69.3,1.896302211,0.580587903,1.621065624,1.113538761,0.344402542,0.012418365,1.933094325,0.003887432,0.002955023,0.002725816,4.74E-06,0.002336508,0,9.20E-06,9.02E-07,0,0,0.02314513,0.04503823,0.000735742,0.001300311,0,0.000327827,1.25E-05,0,0.000115317,3.53E-05,0.000169069,0.007317717,6.85E-07,0,0,1.62E-06,2.65E-06,0,0,0,1.34E-08,2.28E-07,2.93E-06,0.000297286,8.11E-08,1.35E-07,2.05E-08,1.24E-07,1.94E-08,5.66E-08,3.23E-08,2.23E-09,2.18E-08,4.96E-09,2.09E-08,1.20E-09,2.50E-08,4.35E-09,0,0,3.47E-08,3.36E-08,1.97E-08,3.41E-08,0,0,0,0,2.38E-06
96,SGG96,96,5,5,Sample,Mountain Gate,2,two,FeOB-rich,3,December,42710,0.506944444,11.8,6.35,48.3,924,74.9,2.008583263,0.580587903,1.579921827,1.113538761,0.348351465,0.012257088,1.939340187,0.003911401,0.00293012,0.00315216,4.41E-06,0.002331102,0,9.22E-06,3.54E-06,0,0,0.023062345,0.043211158,0.000737503,0.001322607,0,0.000278221,1.22E-05,0,0.00011469,3.60E-05,0.000168538,0.007420317,6.91E-07,0,0,1.54E-06,2.53E-06,0,0,0,1.17E-08,2.48E-07,2.96E-06,0.000295089,5.41E-08,9.42E-08,1.14E-08,1.17E-07,0,5.48E-08,2.80E-08,3.66E-09,2.59E-08,4.80E-09,1.53E-08,0,1.04E-08,4.10E-09,0,0,1.14E-08,1.52E-08,8.24E-09,3.28E-08,0,0,0,0,2.43E-06
97,SGG97,97,11,5,Sample,Taff's Well,0,zero,FeOB-rich,1,December,42710,0.604166667,21.2,7.29,,515.3,24,0.998053795,0.080566163,0.637728862,0.1309278,0.902329019,0.011450701,0.230055921,0.009972209,0.008090105,0.007158646,0,0.002784948,0,1.65E-05,6.98E-06,0,0,0.003649549,0.024725836,1.01E-05,1.11E-05,0,0.000161027,8.03E-05,0,6.79E-06,3.23E-05,2.40E-05,0.003313379,2.21E-07,0,0,2.89E-06,3.34E-06,0,0,0,0,1.96E-07,7.85E-07,0.001938275,9.22E-08,9.67E-08,7.43E-09,7.33E-08,2.71E-09,3.12E-07,2.48E-08,0,0,0,1.58E-09,0,9.96E-09,1.60E-09,0,0,2.91E-08,2.29E-08,2.83E-08,1.31E-07,0,0,0,0,1.94E-06
98,SGG98,98,11,5,Sample,Taff's Well,0,zero,FeOB-rich,2,December,42710,0.614583333,21.2,7.29,,516.7,33,1.047956485,0.080054632,0.638551738,0.149631771,0.907406206,0.011128146,0.229951824,0.010003786,0.008238826,0.007586774,9.89E-08,0.002873359,0,1.68E-05,6.22E-06,0,0,0.003713138,0.024809663,9.73E-06,9.30E-06,0,8.62E-05,8.40E-05,0,6.60E-06,3.38E-05,2.46E-05,0.003417319,2.23E-07,0,0,3.00E-06,4.76E-06,0,0,0,0,1.82E-07,8.76E-07,0.001974168,6.73E-08,4.17E-08,8.87E-09,4.73E-08,0,3.13E-07,1.89E-08,5.86E-11,3.81E-09,1.05E-09,3.53E-09,0,0,1.80E-09,0,0,5.21E-08,4.35E-08,3.17E-08,1.31E-07,0,0,0,0,1.96E-06
99,SGG99,99,11,5,Sample,Taff's Well,0,zero,FeOB-rich,3,December,42710,0.625,21,7.29,-4.5,519.5,38.7,1.097859175,0.080566163,0.649249126,0.138322393,0.907688272,0.011289423,0.229327237,0.009958541,0.008072924,0.007759265,2.45E-08,0.002815923,0,1.63E-05,7.13E-06,0,0,0.003595461,0.024433384,9.09E-06,9.00E-06,0,5.38E-05,8.03E-05,0,5.77E-06,2.92E-05,2.39E-05,0.003276704,2.13E-07,0,0,2.37E-06,1.70E-06,0,0,0,0,1.21E-07,7.89E-07,0.001928683,5.73E-08,1.86E-08,7.95E-09,6.53E-08,9.98E-09,3.00E-07,1.21E-08,2.59E-10,2.37E-09,0,5.95E-09,0,2.35E-09,2.27E-09,0,0,3.57E-08,3.46E-08,3.04E-08,1.29E-07,0,0,0,0,1.91E-06
100,SGG100,100,6,5,Sample,Dinas,10,ten,FeOB-rich,1,December,42711,0.46875,12.4,6.7,,567.1,3.7,0.910724088,0.268553876,0.580127546,1.992190439,0.435227782,0.011611978,0.607618286,0.007093986,0.005738103,0.004884762,1.12E-06,0.006063672,0,1.03E-05,1.86E-06,0,0,0.012668672,0.085101189,1.83E-05,3.37E-05,0,0.000106795,1.30E-05,0,2.89E-05,3.17E-05,6.66E-05,0.003771375,1.45E-07,0,0,7.01E-07,1.25E-06,0,0,0,0,6.75E-07,5.94E-07,0.000326209,2.70E-08,3.99E-08,3.11E-09,3.49E-08,0,5.90E-08,6.43E-09,0,3.62E-09,0,4.69E-09,0,1.30E-08,2.05E-09,0,0,4.98E-08,3.03E-08,3.35E-08,0,0,0,0,0,2.57E-07
101,SGG101,101,6,6,Sample,Dinas,10,ten,FeOB-rich,2,December,42711,0.479166667,12.4,6.37,,570.6,1,0.898248416,0.268553876,0.567784407,1.992190439,0.432971255,0.011450701,0.60564043,0.006840761,0.005504491,0.005135314,1.33E-06,0.005997188,0,1.00E-05,2.66E-06,0,0,0.012396178,0.087976556,1.80E-05,3.24E-05,0,8.12E-05,1.31E-05,0,3.03E-05,3.42E-05,6.55E-05,0.003735959,3.15E-07,0,0,5.47E-07,6.91E-07,0,0,0,0,1.07E-07,6.17E-07,0.000319786,7.19E-08,7.23E-08,1.13E-08,5.58E-08,0,5.04E-08,1.84E-08,7.40E-10,1.12E-08,2.06E-09,1.01E-08,0,8.72E-09,3.18E-09,0,0,2.58E-09,1.44E-08,1.60E-09,0,0,0,0,0,2.62E-07
102,SGG102,102,6,6,Sample,Dinas,10,ten,FeOB-rich,3,December,42711,0.489583333,12.4,6.28,,569.3,2,0.910724088,0.26599622,0.584653364,2.05308709,0.439176706,0.011289423,0.610428924,0.007034393,0.005694087,0.005183317,1.17E-06,0.006025587,0,1.06E-05,9.09E-05,0,0,0.012699157,0.090172947,1.82E-05,3.27E-05,0,3.70E-05,1.33E-05,0,2.98E-05,3.35E-05,6.73E-05,0.003814065,2.58E-07,0,0,0,0,0,0,0,0,7.03E-08,6.14E-07,0.000325417,6.50E-08,8.97E-08,7.83E-09,6.31E-08,1.06E-08,5.00E-08,7.24E-09,2.40E-10,9.74E-09,6.41E-10,1.88E-08,0,1.91E-08,2.58E-09,0,0,4.04E-08,2.82E-08,3.94E-08,0,7.81E-06,7.56E-06,8.95E-08,7.51E-09,3.22E-07
103,SGG103,103,7,6,Sample,Taff Bargoed,11,eleven,FeOB-rich,1,December,42711,0.583333333,12.1,6.78,,508,76.5,1.871350866,0.271111532,0.932318453,0.695961726,0.275860513,0,1.406880442,0.004636748,0.003472612,0.003662512,2.80E-07,0.002449612,0,1.04E-05,1.97E-06,0,0,0.008828016,0.102321149,1.43E-05,1.86E-05,0,6.89E-05,1.28E-05,0,4.08E-05,3.41E-05,4.85E-05,0.006764416,2.54E-07,0,0,3.65E-06,5.59E-06,0,0,0,6.83E-08,1.10E-07,2.89E-07,0.000313708,9.30E-08,1.25E-07,1.54E-08,5.75E-08,0,5.50E-08,1.51E-08,0,0,7.65E-10,6.62E-09,0,6.30E-09,5.91E-10,0,0,3.30E-08,2.65E-08,2.33E-08,0,0,0,0,0,7.91E-07
104,SGG104,104,7,6,Sample,Taff Bargoed,11,eleven,FeOB-rich,2,December,42711,0.59375,12,6.85,,698,39.6,2.058485952,0.291572779,0.910100802,0.687262204,0.277552909,0.011611978,1.39699116,0.004569956,0.003407033,0.003466864,4.51E-07,0.002409611,0,1.04E-05,2.96E-06,0,0,0.008648109,0.100236234,1.39E-05,1.63E-05,0,7.11E-05,1.24E-05,0,3.89E-05,2.99E-05,4.82E-05,0.006714499,2.29E-07,0,0,3.63E-06,5.23E-06,0,0,0,5.79E-08,1.76E-07,2.67E-07,0.000302665,2.55E-08,4.61E-08,2.85E-09,4.68E-08,0,4.54E-08,0,3.00E-10,2.34E-09,0,1.51E-09,0,0,5.63E-10,0,0,5.30E-08,4.67E-08,2.57E-08,0,0,0,0,0,7.71E-07
105,SGG105,105,7,6,Sample,Taff Bargoed,11,eleven,FeOB-rich,3,December,42711,0.604166667,12,6.86,,698.8,59.2,1.971156245,0.301803403,0.917918124,0.695961726,0.278399106,0.011611978,1.383978947,0.004578174,0.003402258,0.00377073,3.70E-07,0.002432161,0,1.12E-05,1.54E-06,0,0,0.008728468,0.103106902,1.41E-05,1.77E-05,0,2.69E-05,1.31E-05,0,4.20E-05,2.21E-05,4.82E-05,0.006662896,2.31E-07,0,0,3.57E-06,5.08E-06,0,0,0,1.42E-08,4.25E-07,2.76E-07,0.000305857,3.45E-08,6.36E-08,9.62E-10,3.83E-08,0,5.09E-08,0,0,6.95E-09,0,5.38E-09,0,5.26E-09,3.07E-10,0,0,0,3.97E-10,6.09E-09,0,0,0,0,0,7.90E-07
106,SGG106,106,9,6,Sample,Celynen North,12,twelve,SOB-rich,1,December,42711,0.645833333,13.2,6.7,,1276,8.7,3.143869455,0.378533082,1.318658712,4.71079093,0.488820316,0.012579643,2.70654025,0.014464064,0.011719956,0.011101329,1.47E-06,0.008714674,0,1.48E-05,8.72E-06,0,0,0.016011957,0.041663773,3.71E-06,1.07E-05,0,4.42E-05,5.04E-05,0,2.40E-06,2.38E-05,9.77E-05,0.009608924,1.33E-06,0,0,0,3.41E-07,0,0,0,0,2.14E-07,7.25E-07,0.001242419,1.43E-07,2.75E-07,5.00E-08,2.17E-07,5.48E-08,2.27E-07,1.03E-07,1.43E-08,7.99E-08,1.76E-08,5.16E-08,3.51E-09,3.57E-08,6.14E-09,0,0,5.03E-08,5.67E-08,6.46E-08,0,0,0,0,0,1.41E-06
107,SGG107,107,9,6,Sample,Celynen North,12,twelve,SOB-rich,2,December,42711,0.65625,13.2,6.93,,1284,10.6,3.093966765,0.370860114,1.308372763,5.04572251,0.494179569,0,2.707581227,0.014846443,0.011860106,0.011306358,1.49E-06,0.008907848,0,1.50E-05,8.84E-06,0,0,0.016296566,0.041310663,3.91E-06,1.11E-05,0,5.94E-05,5.23E-05,0,2.98E-06,2.58E-05,9.88E-05,0.009677639,1.36E-06,0,0,0,8.54E-07,0,0,0,0,1.20E-07,7.24E-07,0.001250497,1.38E-07,2.78E-07,4.77E-08,2.47E-07,5.08E-08,2.00E-07,1.05E-07,1.44E-08,8.32E-08,1.70E-08,5.00E-08,4.32E-09,3.68E-08,5.92E-09,0,0,1.13E-08,1.62E-08,1.98E-08,0,0,0,1.43E-08,0,1.44E-06
108,SGG108,108,9,6,Sample,Celynen North,12,twelve,SOB-rich,3,December,42711,0.666666667,13.1,6.97,,1287,13.2,3.081491092,0.383648394,1.306315573,4.236667004,0.498128492,0,2.754425193,0.014697352,0.011734252,0.011235496,1.43E-06,0.008869569,0,1.49E-05,8.05E-06,0,4.20E-07,0.016349656,0.041571141,3.75E-06,1.15E-05,0,4.61E-05,5.17E-05,0,2.48E-06,2.23E-05,9.76E-05,0.009591613,1.34E-06,0,0,0,1.06E-07,0,0,0,0,1.67E-07,7.41E-07,0.001213146,1.30E-07,2.29E-07,4.97E-08,2.49E-07,5.99E-08,2.38E-07,1.25E-07,1.26E-08,7.67E-08,1.88E-08,5.28E-08,3.89E-09,4.36E-08,5.10E-09,0,0,4.81E-08,5.17E-08,3.06E-08,0,0,0,0,0,1.42E-06
109,SGG109,109,12,6,Sample,Cefn Hengoed,11,eleven,FeOB-rich,1,December,42712,0.423611111,11.4,6.65,,803,1.1,2.208194022,0.250650284,1.143797573,0.813405267,0.370634677,0.011450701,1.998675877,0.005974905,0.00489245,0.004194085,1.07E-06,0.003644792,0,1.42E-05,4.88E-06,0,0,0.009253222,0.051602449,5.54E-05,9.63E-05,0,7.40E-05,7.79E-06,0,2.15E-05,2.46E-05,5.42E-05,0.008013444,4.32E-07,0,0,0,1.45E-06,0,0,0,0,2.55E-07,3.47E-07,0.00018993,9.59E-08,1.63E-07,1.47E-08,8.96E-08,1.01E-09,3.52E-08,1.10E-08,2.23E-09,1.69E-08,2.80E-09,3.98E-09,0,1.40E-08,2.13E-09,0,0,5.64E-09,0,0,1.21E-07,0,0,0,0,3.62E-07
110,SGG110,110,12,6,Sample,Cefn Hengoed,11,eleven,FeOB-rich,2,December,42712,0.434027778,11.4,6.5,,797.5,0.9,2.170767004,0.263438564,1.090310636,0.791656463,0.369506413,0.011128146,1.996593923,0.006075688,0.004991674,0.004457995,1.34E-06,0.003708665,0,1.40E-05,6.14E-06,0,0,0.009404231,0.05086214,5.65E-05,9.55E-05,0,3.11E-05,7.37E-06,0,2.15E-05,2.37E-05,5.46E-05,0.008071781,4.33E-07,0,0,0,1.83E-06,0,0,0,0,2.24E-07,3.22E-07,0.000188341,8.10E-08,1.23E-07,1.68E-08,7.99E-08,2.11E-08,3.36E-08,2.29E-08,1.50E-09,9.41E-09,2.71E-09,1.06E-08,0,6.43E-09,2.72E-09,0,4.12E-06,1.33E-07,0,4.49E-08,1.29E-07,0,0,0,0,3.59E-07
111,SGG111,111,12,6,Sample,Cefn Hengoed,11,eleven,FeOB-rich,3,December,42712,0.444444444,11.4,6.59,,795.7,0.5,2.195718349,0.245534972,1.069738737,0.796006224,0.368660215,0.011289423,1.976294871,0.006100025,0.004935141,0.004595315,1.24E-06,0.003725026,0,1.44E-05,4.87E-06,0,0,0.009270119,0.050832987,5.48E-05,9.45E-05,0,5.04E-05,7.55E-06,0,2.29E-05,2.15E-05,5.47E-05,0.008061217,4.28E-07,0,0,0,1.32E-06,0,0,0,0,2.06E-07,3.33E-07,0.000183877,5.47E-08,8.65E-08,8.27E-09,7.25E-08,0,3.41E-08,1.83E-08,2.08E-09,1.67E-08,2.14E-09,1.32E-08,1.99E-09,1.19E-08,2.66E-09,0,0,9.43E-09,2.32E-09,9.69E-09,1.25E-07,0,0,0,0,3.68E-07
112,SGG112,112,13,6,Sample,Blaenavon,12,twelve_MCM,FeOB-rich,1,December,42712,0.534722222,10.3,6.7,,623.6,95.1,1.210140227,0.358071834,0.92285538,0.439325839,0.489384447,0.022740124,1.793603404,0.009984602,0.008130118,0.007870521,1.29E-06,0.004570185,0,1.14E-05,2.23E-06,0,0,0.032093395,0.083411122,0.000242206,0.000468374,0,0.000143752,7.69E-06,0,5.43E-06,3.07E-05,0.000125288,0.004117323,1.16E-06,0,0,6.23E-06,7.24E-06,0,0,0,6.16E-07,6.88E-08,7.81E-07,0.000189438,2.81E-08,1.47E-08,2.44E-09,2.85E-08,8.24E-09,3.44E-08,2.63E-08,6.54E-09,8.42E-08,2.75E-08,9.17E-08,1.14E-08,1.23E-07,2.00E-08,0,0,1.97E-08,0,8.57E-09,5.15E-08,0,0,0,0,4.54E-07
113,SGG113,113,13,7,Sample,Blaenavon,12,twelve_MCM,FeOB-rich,2,December,42712,0.548611111,10.2,6.68,,623.9,94.5,1.43470233,0.363187146,0.92285538,0.448025361,0.488820316,0.023869066,1.818586853,0.009808228,0.007994248,0.007422388,1.50E-06,0.004425674,0,1.13E-05,2.74E-06,2.01E-07,0,0.031455155,0.085157773,0.000250631,0.00046252,0,0.000119112,7.54E-06,0,5.46E-06,2.86E-05,0.000123923,0.004017944,1.18E-06,0,0,6.14E-06,6.52E-06,9.26E-09,0,0,5.77E-07,6.71E-08,7.83E-07,0.000186686,2.01E-08,3.13E-08,4.06E-09,4.82E-08,0,3.65E-08,2.37E-08,7.44E-09,9.14E-08,2.47E-08,1.19E-07,1.15E-08,1.23E-07,2.16E-08,0,0,8.49E-09,0,1.51E-08,4.87E-08,0,0,0,0,4.32E-07
114,SGG114,114,13,7,Sample,Blaenavon,12,twelve_MCM,FeOB-rich,3,December,42712,0.5625,10.2,6.88,,624.1,94.4,1.409750986,0.350398866,0.932729891,0.465424404,0.486281722,0.023707788,1.75664872,0.009716091,0.007850171,0.008070665,1.64E-06,0.004366372,0,1.11E-05,1.69E-07,2.50E-07,0,0.031657356,0.085078742,0.000244007,0.000460955,0,0.00010247,7.38E-06,0,5.21E-06,3.02E-05,0.000123994,0.004004773,1.16E-06,0,0,6.35E-06,7.21E-06,0,0,0,5.66E-07,1.00E-07,8.01E-07,0.00018595,4.14E-08,4.71E-09,3.89E-09,5.19E-08,2.97E-10,4.75E-08,2.62E-08,8.75E-09,8.95E-08,2.55E-08,1.19E-07,1.39E-08,9.87E-08,1.96E-08,0,0,0,0,0,5.56E-08,0,0,0,0,4.42E-07
115,SGG115,115,8,7,Sample,Crumlin Navigation,12,twelve,SOB-rich,1,December,42712,0.614583333,19.7,6.98,,2178,66.6,4.229252957,1.127926278,1.878214359,12.44031584,0.582466216,0,2.496262893,0.04648207,0.037231953,0.033631994,1.79E-06,0.021992704,0,1.78E-05,1.28E-05,2.69E-06,9.16E-07,0.006252266,0.002125784,4.49E-06,1.42E-05,0,0.000102545,0.000118037,0,7.76E-07,4.15E-05,0.000289848,0.019080728,1.38E-06,2.78E-06,0,0,0,0,0,0,0,6.69E-07,1.59E-06,0.002783826,1.24E-07,2.25E-07,2.52E-08,2.00E-07,2.65E-08,5.06E-07,8.30E-08,1.12E-08,7.80E-08,1.69E-08,5.05E-08,7.47E-09,3.78E-08,1.10E-08,0,0,4.49E-07,4.18E-07,4.47E-07,0,0,0,0,0,2.69E-07
116,SGG116,116,8,7,Sample,Crumlin Navigation,12,twelve,SOB-rich,2,December,42712,0.628472222,18.6,7.08,,2207,53.3,4.216777284,1.237905484,1.892614688,12.67955269,0.548336234,0.020643516,2.815842837,0.047988072,0.037995572,0.033513555,1.38E-06,0.022983637,0,1.92E-05,1.62E-05,2.89E-06,6.65E-07,0.006217484,0.001470298,3.85E-06,1.51E-05,0,0.0001213,0.000125519,0,5.76E-07,4.76E-05,0.000294737,0.019161278,1.41E-06,2.68E-06,0,0,0,0,0,0,0,6.89E-07,1.69E-06,0.002903448,1.43E-07,2.68E-07,3.15E-08,1.80E-07,4.79E-08,5.32E-07,1.05E-07,1.21E-08,9.99E-08,1.82E-08,5.17E-08,4.39E-09,5.94E-08,8.97E-09,0,0,4.69E-07,4.42E-07,4.38E-07,0,0,0,3.16E-09,0,2.81E-07
117,SGG117,117,8,7,Sample,Crumlin Navigation,12,twelve,SOB-rich,3,December,42712,0.642361111,19.2,7.12,,2201,60.7,4.266679974,1.248136108,1.919358157,12.61430628,0.554541685,0.020643516,2.801269159,0.047431862,0.038580818,0.034506523,2.01E-06,0.021983882,0,1.94E-05,1.50E-05,2.15E-06,3.47E-07,0.006219276,0.001110256,3.94E-06,1.52E-05,0,6.97E-05,8.42E-05,0,7.43E-07,5.24E-05,0.000284358,0.018875171,1.37E-06,4.37E-06,0,0,0,0,0,0,0,6.64E-07,1.66E-06,0.00194523,1.11E-07,1.47E-07,3.12E-08,1.86E-07,2.94E-08,3.39E-07,1.02E-07,1.01E-08,7.91E-08,1.70E-08,5.95E-08,6.94E-09,5.14E-08,8.74E-09,0,0,7.20E-07,7.28E-07,7.22E-07,0,0,0,0,0,2.55E-07
118,SGG118,118,10,7,Sample,Six Bells,12,twelve,SOB-rich,1,December,42712,0.672916667,18.5,6.8,,2740,60.3,4.815609561,1.869646506,2.742234108,14.65869385,0.708267635,0.020966071,10.9302587,0.047232617,0.038186275,0.033758173,2.94E-07,0.024232901,0,1.89E-05,1.13E-05,0,0,0.009712428,0.000520745,7.95E-06,3.07E-05,0,3.97E-05,9.61E-06,0,5.37E-06,3.95E-05,0.000390402,0.019688561,2.31E-07,5.00E-06,4.11E-07,6.46E-06,6.41E-06,0,0,0,3.01E-07,5.00E-07,2.39E-06,0.000232818,8.09E-08,1.59E-07,1.69E-08,4.74E-08,0,4.30E-08,1.76E-08,1.33E-09,1.07E-08,4.37E-10,6.61E-09,0,0,2.49E-09,0,0,5.60E-08,5.70E-08,7.17E-08,0,0,0,0,3.62E-08,3.30E-06
119,SGG119,119,10,7,Sample,Six Bells,12,twelve,SOB-rich,2,December,42712,0.683333333,18.5,6.87,,2741,60.1,4.865512251,1.890107754,2.777206336,14.9414283,0.711934493,0.020804794,10.99271732,0.046722909,0.037478011,0.033699529,2.70E-07,0.023479602,0,1.83E-05,1.02E-05,0,0,0.00908292,0.000232,6.84E-06,2.90E-05,0,6.44E-05,9.13E-06,0,6.59E-06,3.87E-05,0.000400129,0.020288542,2.20E-07,2.39E-07,2.25E-07,6.36E-06,6.89E-06,0,0,0,2.32E-07,7.92E-07,2.41E-06,0.000218581,4.61E-08,2.15E-08,5.90E-09,2.63E-08,0,3.02E-08,1.53E-08,0,4.14E-09,1.50E-10,2.02E-09,0,2.32E-09,1.29E-09,0,0,1.36E-07,1.40E-07,1.11E-07,0,0,0,0,0,3.21E-06
120,SGG120,120,10,7,Sample,Six Bells,12,twelve,SOB-rich,3,December,42712,0.69375,18.5,6.86,,2741,60,4.840560906,1.846627603,2.703147501,14.419457,0.685138226,0.020804794,10.87820985,0.046314698,0.037103153,0.033838384,4.06E-07,0.023601424,0,1.77E-05,8.14E-06,0,0,0.008699411,2.38E-05,7.42E-06,2.74E-05,0,1.81E-05,9.37E-06,0,6.70E-06,4.57E-05,0.000386313,0.019562623,2.22E-07,0,1.05E-07,6.08E-06,7.29E-06,0,0,0,2.01E-07,4.36E-07,2.39E-06,0.000222786,2.70E-08,3.71E-08,4.31E-09,3.47E-08,0,4.07E-08,1.15E-08,6.39E-10,8.92E-09,8.47E-10,7.65E-09,0,3.82E-09,1.23E-09,0,0,1.78E-07,1.44E-07,1.25E-07,0,0,0,0,0,3.19E-06
,,P1,,,Control,,,,,,,,,,,,,,,,,,,,,,,,,,,,,,,,,,,,,,,,,,,,,,,,,,,,,,,,,,,,,,,,,,,,,,,,,,,,,,,
,,P2,,,Control,,,,,,,,,,,,,,,,,,,,,,,,,,,,,,,,,,,,,,,,,,,,,,,,,,,,,,,,,,,,,,,,,,,,,,,,,,,,,,,
,,P3,,,Control,,,,,,,,,,,,,,,,,,,,,,,,,,,,,,,,,,,,,,,,,,,,,,,,,,,,,,,,,,,,,,,,,,,,,,,,,,,,,,,
,,P4,,,Control,,,,,,,,,,,,,,,,,,,,,,,,,,,,,,,,,,,,,,,,,,,,,,,,,,,,,,,,,,,,,,,,,,,,,,,,,,,,,,,
,,S1,,,Control,,,,,,,,,,,,,,,,,,,,,,,,,,,,,,,,,,,,,,,,,,,,,,,,,,,,,,,,,,,,,,,,,,,,,,,,,,,,,,,
,,S2,,,Control,,,,,,,,,,,,,,,,,,,,,,,,,,,,,,,,,,,,,,,,,,,,,,,,,,,,,,,,,,,,,,,,,,,,,,,,,,,,,,,
,,S3,,,Control,,,,,,,,,,,,,,,,,,,,,,,,,,,,,,,,,,,,,,,,,,,,,,,,,,,,,,,,,,,,,,,,,,,,,,,,,,,,,,,
,,S4,,,Control,,,,,,,,,,,,,,,,,,,,,,,,,,,,,,,,,,,,,,,,,,,,,,,,,,,,,,,,,,,,,,,,,,,,,,,,,,,,,,,
